Handle,Title,Body (HTML),Vendor,Type,Tags,Published,Option1 Name,Option1 Value,Option2 Name,Option2 Value,Option3 Name,Option3 Value,Variant SKU,Variant Grams,Variant Inventory Tracker,Variant Inventory Qty,Variant Inventory Policy,Variant Fulfillment Service,Variant Price,Variant Compare At Price,Variant Requires Shipping,Variant Taxable,Variant Barcode,Image Src,Image Position,Image Alt Text,Gift Card,SEO Title,SEO Description,Google Shopping / Google Product Category,Google Shopping / Gender,Google Shopping / Age Group,Google Shopping / MPN,Google Shopping / AdWords Grouping,Google Shopping / AdWords Labels,Google Shopping / Condition,Google Shopping / Custom Product,Google Shopping / Custom Label 0,Google Shopping / Custom Label 1,Google Shopping / Custom Label 2,Google Shopping / Custom Label 3,Google Shopping / Custom Label 4,Variant Image,Variant Weight Unit,Variant Tax Code,Cost per item,Status
torrot-motocross-two,Kids Torrot Motocross Two,"<h2 class=""product__subtitle txt-center txt--primary""></h2>
<h2 data-mce-fragment=""1""><span data-mce-fragment=""1""></span></h2>
<h2>Made specifically for children 6 to 11 years old</h2>
<p><span data-mce-style=""font-size: 1.4em;""></span><span data-mce-fragment=""1"">The range of Torrot children's motorcycles has been completely renewed with the launch of the Kids 'Two' enduro. New models that sport a removable battery and update their image so as to continue being the best formula of initiation of the youngest riders to the world of two wheels.<br data-mce-fragment=""1""><br data-mce-fragment=""1"">There are hobbies that are transmitted from parents to children, from grandparents to grandchildren, creating invisible links between members of a family, united by the same passion: motorcycles.</span></p>
<p> </p>
<table style=""font-size: 1.4em;"">
<tbody>
<tr>
<td data-celllook=""0"" rowspan=""1"" colspan=""2"">
<p data-ccp-props='{""335551550"":2,""335551620"":2,""335559683"":0}'><span data-contrast=""none"" data-usefontface=""false"" data-scheme-color=""@FFFFFF,0,"">SPECIFICATIONS MOTOCROSS - TWO</span>​</p>
</td>
</tr>
<tr>
<td data-celllook=""0"" rowspan=""1"" colspan=""1"">
<p data-ccp-props='{""335551550"":1,""335551620"":1,""335559683"":0}'><span data-contrast=""none"" data-usefontface=""false"">CHASSIS</span>​</p>
</td>
<td data-celllook=""0"" rowspan=""1"" colspan=""1"">
<p data-ccp-props='{""335551550"":1,""335551620"":1,""335559683"":0}'><span data-contrast=""none"" data-usefontface=""false"">TUBULAR </span><span data-contrast=""none"" data-usefontface=""false"">CrMo</span><span data-contrast=""none"" data-usefontface=""false""> STEEL FRAME</span>​</p>
</td>
</tr>
<tr>
<td data-celllook=""0"" rowspan=""1"" colspan=""1"">
<p data-ccp-props='{""335551550"":1,""335551620"":1,""335559683"":0}'><span data-contrast=""none"" data-usefontface=""false"">FRONT SUSP.</span>​</p>
</td>
<td data-celllook=""0"" rowspan=""1"" colspan=""1"">
<p data-ccp-props='{""335551550"":1,""335551620"":1,""335559683"":0}'><span data-contrast=""none"" data-usefontface=""false"">EBR FORK (WHEEL TRAVEL 95 mm  3,7"")</span>​</p>
</td>
</tr>
<tr>
<td data-celllook=""0"" rowspan=""1"" colspan=""1"">
<p data-ccp-props='{""335551550"":1,""335551620"":1,""335559683"":0,""335559685"":0}'><span data-contrast=""none"" data-usefontface=""true"" data-scheme-color=""@000000,13,"">REAR SUSP.</span>​</p>
</td>
<td data-celllook=""0"" rowspan=""1"" colspan=""1"">
<p data-ccp-props='{""335551550"":1,""335551620"":1,""335559683"":0,""335559685"":0}'><span data-contrast=""none"" data-usefontface=""true"" data-scheme-color=""@000000,13,"">SHOCK ABSORBER PRELOAD ADJUSTMENT </span>​</p>
<p data-ccp-props='{""335551550"":1,""335551620"":1,""335559683"":0,""335559685"":0}'><span data-contrast=""none"" data-usefontface=""true"" data-scheme-color=""@000000,13,"">(WHEEL TRAVEL 125 mm 4,9"")</span>​</p>
</td>
</tr>
<tr>
<td data-celllook=""0"" rowspan=""1"" colspan=""1"">
<p data-ccp-props='{""335551550"":1,""335551620"":1,""335559683"":0,""335559685"":0}'><span data-contrast=""none"" data-usefontface=""true"" data-scheme-color=""@000000,13,"">BRAKES</span>​</p>
</td>
<td data-celllook=""0"" rowspan=""1"" colspan=""1"">
<p data-ccp-props='{""335551550"":1,""335551620"":1,""335559683"":0,""335559685"":0}'><span data-contrast=""none"" data-usefontface=""true"" data-scheme-color=""@000000,13,"">HYDRAULIC BRAKE SYSTEM 160mm DISCS FRONT AND REAR</span>​</p>
</td>
</tr>
<tr>
<td data-celllook=""0"" rowspan=""1"" colspan=""1"">
<p data-ccp-props='{""335551550"":1,""335551620"":1,""335559683"":0,""335559685"":0}'><span data-contrast=""none"" data-usefontface=""true"" data-scheme-color=""@000000,13,"">MOTOR </span><span data-contrast=""none"" data-usefontface=""true"" data-scheme-color=""@000000,13,"">CONTROLLER</span>​</p>
</td>
<td data-celllook=""0"" rowspan=""1"" colspan=""1"">
<p data-ccp-props='{""335551550"":1,""335551620"":1,""335559683"":0,""335559685"":0}'><span data-contrast=""none"" data-usefontface=""true"" data-scheme-color=""@000000,13,"">48V PROGRAMMABLE TOP SPEED, POWER, THROTTLE </span><span data-contrast=""none"" data-usefontface=""true"" data-scheme-color=""@000000,13,"">SENSITIVITY AND REGENERATION</span>​</p>
</td>
</tr>
<tr>
<td data-celllook=""0"" rowspan=""1"" colspan=""1"">
<p data-ccp-props='{""335551550"":1,""335551620"":1,""335559683"":0,""335559685"":0}'><span data-contrast=""none"" data-usefontface=""true"" data-scheme-color=""@000000,13,"">POWER</span>​</p>
</td>
<td data-celllook=""0"" rowspan=""1"" colspan=""1"">
<p data-ccp-props='{""335551550"":1,""335551620"":1,""335559683"":0,""335559685"":0}'><span data-contrast=""none"" data-usefontface=""true"" data-scheme-color=""@000000,13,"">600</span><span data-contrast=""none"" data-usefontface=""true"" data-scheme-color=""@000000,13,""> W-1</span><span data-contrast=""none"" data-usefontface=""true"" data-scheme-color=""@000000,13,"">50</span><span data-contrast=""none"" data-usefontface=""true"" data-scheme-color=""@000000,13,"">0 W / MAX. SPEED</span><span data-contrast=""none"" data-usefontface=""true"" data-scheme-color=""@000000,13,""> </span><span data-contrast=""none"" data-usefontface=""true"" data-scheme-color=""@000000,13,"">25</span><span data-contrast=""none"" data-usefontface=""true"" data-scheme-color=""@000000,13,""> MPH</span>​</p>
</td>
</tr>
<tr>
<td data-celllook=""0"" rowspan=""1"" colspan=""1"">
<p data-ccp-props='{""335551550"":1,""335551620"":1,""335559683"":0,""335559685"":0}'><span data-contrast=""none"" data-usefontface=""true"" data-scheme-color=""@000000,13,"">BATTERY</span>​</p>
</td>
<td data-celllook=""0"" rowspan=""1"" colspan=""1"">
<p data-ccp-props='{""335551550"":1,""335551620"":1,""335559683"":0,""335559685"":0}'><span data-contrast=""none"" data-usefontface=""true"" data-scheme-color=""@000000,13,"">48V </span><span data-contrast=""none"" data-usefontface=""true"" data-scheme-color=""@000000,13,"">LiNiCoMn</span><span data-contrast=""none"" data-usefontface=""true"" data-scheme-color=""@000000,13,""> 8,8Ah WITH BMS INTEGRATED (Battery </span><span data-contrast=""none"" data-usefontface=""true"" data-scheme-color=""@000000,13,"">Management System) REMOVABLE</span>​</p>
</td>
</tr>
<tr>
<td data-celllook=""0"" rowspan=""1"" colspan=""1"">
<p data-ccp-props='{""335551550"":1,""335551620"":1,""335559683"":0,""335559685"":0}'><span data-contrast=""none"" data-usefontface=""true"" data-scheme-color=""@000000,13,"">RIMS</span>​</p>
</td>
<td data-celllook=""0"" rowspan=""1"" colspan=""1"">
<p data-ccp-props='{""335551550"":1,""335551620"":1,""335559683"":0,""335559685"":0}'><span data-contrast=""none"" data-usefontface=""true"" data-scheme-color=""@000000,13,"">F: </span><span data-contrast=""none"" data-usefontface=""true"" data-scheme-color=""@000000,13,"">Aluminium</span><span data-contrast=""none"" data-usefontface=""true"" data-scheme-color=""@000000,13,""> 14” x 1,60” R: </span><span data-contrast=""none"" data-usefontface=""true"" data-scheme-color=""@000000,13,"">ALUMINUM 12” x 1.60</span>​</p>
</td>
</tr>
<tr>
<td data-celllook=""0"" rowspan=""1"" colspan=""1"">
<p data-ccp-props='{""335551550"":1,""335551620"":1,""335559683"":0,""335559685"":0}'><span data-contrast=""none"" data-usefontface=""true"" data-scheme-color=""@000000,13,"">TYRES</span>​</p>
</td>
<td data-celllook=""0"" rowspan=""1"" colspan=""1"">
<p data-ccp-props='{""335551550"":1,""335551620"":1,""335559683"":0,""335559685"":0}'><span data-contrast=""none"" data-usefontface=""true"" data-scheme-color=""@000000,13,"">F: </span><span data-contrast=""none"" data-usefontface=""true"" data-scheme-color=""@000000,13,"">Michelin Starcross MH3 14” 60/100-14</span>​<br><span data-contrast=""none"" data-usefontface=""true"" data-scheme-color=""@000000,13,"">R: </span><span data-contrast=""none"" data-usefontface=""true"" data-scheme-color=""@000000,13,"">Michelin </span><span data-contrast=""none"" data-usefontface=""true"" data-scheme-color=""@000000,13,"">Starcross</span><span data-contrast=""none"" data-usefontface=""true"" data-scheme-color=""@000000,13,""> MH3 80/100-12</span>​</p>
</td>
</tr>
<tr>
<td data-celllook=""0"" rowspan=""1"" colspan=""1"">
<p data-ccp-props='{""335551550"":1,""335551620"":1,""335559683"":0,""335559685"":0}'><span data-contrast=""none"" data-usefontface=""true"" data-scheme-color=""@000000,13,"">WEIGHT</span>​</p>
</td>
<td data-celllook=""0"" rowspan=""1"" colspan=""1"">
<p data-ccp-props='{""335551550"":1,""335551620"":1,""335559683"":0,""335559685"":0}'><span data-contrast=""none"" data-usefontface=""true"" data-scheme-color=""@000000,13,"">66.1 LBS</span></p>
</td>
</tr>
<tr>
<td data-celllook=""0"" rowspan=""1"" colspan=""1"">
<p data-ccp-props='{""335551550"":1,""335551620"":1,""335559683"":0,""335559685"":0}'><span data-contrast=""none"" data-usefontface=""true"" data-scheme-color=""@000000,13,"">MAX PILOT </span><span data-contrast=""none"" data-usefontface=""true"" data-scheme-color=""@000000,13,"">WEIGHT</span>​</p>
</td>
<td data-celllook=""0"" rowspan=""1"" colspan=""1"">
<p data-ccp-props='{""335551550"":1,""335551620"":1,""335559683"":0,""335559685"":0}'><span data-contrast=""none"" data-usefontface=""true"" data-scheme-color=""@000000,13,"">88.2 LBS</span></p>
</td>
</tr>
<tr>
<td data-celllook=""0"" rowspan=""1"" colspan=""1"">
<p data-ccp-props='{""335551550"":1,""335551620"":1,""335559683"":0,""335559685"":0}'><span data-contrast=""none"" data-usefontface=""true"" data-scheme-color=""@000000,13,"">CHARGER</span>​</p>
</td>
<td data-celllook=""0"" rowspan=""1"" colspan=""1"">
<p data-ccp-props='{""335551550"":1,""335551620"":1,""335559683"":0,""335559685"":0}'><span data-contrast=""none"" data-usefontface=""true"" data-scheme-color=""@000000,13,"">54.6V 2A BATTERY CHARGER (4 HOURS)</span>​</p>
</td>
</tr>
<tr>
<td data-celllook=""0"" rowspan=""5"" colspan=""1"">
<p data-ccp-props='{""335551550"":1,""335551620"":1,""335559683"":0,""335559685"":0}'><span data-contrast=""none"" data-usefontface=""true"" data-scheme-color=""@000000,13,"">OTHERS</span>​</p>
</td>
<td data-celllook=""0"" rowspan=""1"" colspan=""1"">
<p data-ccp-props='{""335551550"":1,""335551620"":1,""335559683"":0,""335559685"":0}'><span data-contrast=""none"" data-usefontface=""true"" data-scheme-color=""@000000,13,"">POWER TRAIN MANAGEMENT SOFTWARE INCLUDED.</span>​</p>
</td>
</tr>
<tr>
<td data-celllook=""0"" rowspan=""1"" colspan=""1"">
<p data-ccp-props='{""335551550"":1,""335551620"":1,""335559683"":0,""335559685"":0}'><span data-contrast=""none"" data-usefontface=""true"" data-scheme-color=""@000000,13,"">BLUETOOTH MODULE VIA APP (iOS/Android)</span>​</p>
</td>
</tr>
<tr>
<td data-celllook=""0"" rowspan=""1"" colspan=""1"">
<p data-ccp-props='{""335551550"":1,""335551620"":1,""335559683"":0,""335559685"":0}'><span data-contrast=""none"" data-usefontface=""true"" data-scheme-color=""@000000,13,"">INCLUDES POWER SWITCH 50-100%</span>​</p>
</td>
</tr>
<tr>
<td data-celllook=""0"" rowspan=""1"" colspan=""1"">
<p data-ccp-props='{""335551550"":1,""335551620"":1,""335559683"":0,""335559685"":0}'><span data-contrast=""none"" data-usefontface=""true"" data-scheme-color=""@000000,13,"">DESIGNED AND MANUFACTURED IN EUROPE</span>​</p>
</td>
</tr>
<tr>
<td data-celllook=""0"" rowspan=""1"" colspan=""1"">
<p data-ccp-props='{""335551550"":1,""335551620"":1,""335559683"":0,""335559685"":0}'><span data-contrast=""none"" data-usefontface=""true"" data-scheme-color=""@000000,13,"">REMOTE PARAMETER PROGRAMMING AND PARENTAL </span><span data-contrast=""none"" data-usefontface=""true"" data-scheme-color=""@000000,13,"">CONTROL</span>​</p>
</td>
</tr>
<tr>
<td data-celllook=""0"" rowspan=""1"" colspan=""1"">
<p data-ccp-props='{""335551550"":1,""335551620"":1,""335559683"":0,""335559685"":0}'><span data-contrast=""none"" data-usefontface=""true"" data-scheme-color=""@000000,13,"">OPTIONAL</span>​</p>
</td>
<td data-celllook=""0"" rowspan=""1"" colspan=""1"">
<p data-ccp-props='{""335551550"":1,""335551620"":1,""335559683"":0,""335559685"":0}'><span data-contrast=""none"" data-usefontface=""true"" data-scheme-color=""@000000,13,"">TORROT INVERTER FOR CAR CHARE (LIGHTER SOCKET)</span>​</p>
<p data-ccp-props='{""335551550"":1,""335551620"":1,""335559683"":0,""335559685"":0,""335559731"":0,""335559737"":0,""335562764"":2,""335562765"":1,""335562766"":4,""335562767"":0,""335562768"":4,""335562769"":0}'><span data-contrast=""none"" data-usefontface=""true"" data-scheme-color=""@000000,13,"">EXTENDED BATTERY: 12,5 Ah</span>​</p>
</td>
</tr>
</tbody>
</table>",Torrot,Kids Bike,"Bikes, Kids, torrot",TRUE,Title,Default Title,,,,,P0290S,52163,,0,deny,manual,3000.00,,,,,https://cdn.shopify.com/s/files/1/0628/4728/7545/products/DF561374-D9BE-4D6D-A7D9-88F839FEA1CD.png?v=1647988773,,,,,,,,,,,,,,,,,,,,g,,,active
torrot-motocross-two,,,,,,,,,,,,,,,,,,,,,,,,https://cdn.shopify.com/s/files/1/0628/4728/7545/products/Motocross-Frontal-Background_15848c1e-bc58-40b2-9cfa-2026f87b181a.jpg?v=1647988803,,,,,,,,,,,,,,,,,,,,,,,
torrot-motocross-two,,,,,,,,,,,,,,,,,,,,,,,,https://cdn.shopify.com/s/files/1/0628/4728/7545/products/Motocross-Frontal-4_4a5e841a-eb1c-4a33-bca7-f6f10b866f47.jpg?v=1647988803,,,,,,,,,,,,,,,,,,,,,,,
torrot-motocross-two,,,,,,,,,,,,,,,,,,,,,,,,https://cdn.shopify.com/s/files/1/0628/4728/7545/products/Motocross-Detalle_9794b29f-3583-4e14-88bd-b50c39d6d379.jpg?v=1647988803,,,,,,,,,,,,,,,,,,,,,,,
torrot-motocross-two,,,,,,,,,,,,,,,,,,,,,,,,https://cdn.shopify.com/s/files/1/0628/4728/7545/products/Motocross-Detalle-Anterior_e87edce3-a0f7-4a9f-9831-03dbb3e14255.jpg?v=1647988801,,,,,,,,,,,,,,,,,,,,,,,
kids-electric-bike-12,Amped12,"<meta charset=""utf-8"">
<p data-mce-fragment=""1"">Introducing the Amped12 Kids Bike - a cross bike with 12"" wheels designed to provide a fun and safe riding experience for your child. Perfect for 3-5 year old riders this bike is built with a lightweight aluminum alloy frame. Add in a 24V 100W motor this bike will be a balanced, fun, ride on various terrains.</p>
<p data-mce-fragment=""1"">The bike is equipped with a reliable rear drum braking system, ensuring smooth and efficient braking in all conditions. Whether riding on dry or wet surfaces, your child can confidently come to a stop when needed, providing peace of mind for both parents and young riders.</p>
<p data-mce-fragment=""1"">The bike's thoughtful design also includes an integrated foam seat for added comfort during extended rides. With its sleek looks and safety-focused features, the Amped16 Pro Kids Bike is the perfect companion for your child's outdoor adventures.</p>",Amped Bikes,Kids Bike,"Bikes, Kids",TRUE,Title,Default Title,,,,,A12,9979,,1,deny,manual,360.00,450.00,,,,https://cdn.shopify.com/s/files/1/0628/4728/7545/files/amped12.png?v=1691077733,,,,,,,,,,,,,,,,,,,,g,,,active
kids-electric-bike-12,,,,,,,,,,,,,,,,,,,,,,,,https://cdn.shopify.com/s/files/1/0628/4728/7545/files/Amped12Angle.png?v=1691077833,,,,,,,,,,,,,,,,,,,,,,,
amped16,Amped16,"<meta charset=""utf-8"">
<p data-mce-fragment=""1"">Introducing the Amped16 Kids Bike - a cross bike with 16"" wheels designed to provide a fun and safe riding experience for your child. Perfect for 5 to 7 year old riders this bike is built with a lightweight aluminum alloy frame and 24V150W brush motor they can enjoy a balanced ride on various terrains.</p>
<p data-mce-fragment=""1"">The bike has a reliable rear drum braking system, ensuring smooth and efficient braking in all conditions. Whether riding on dry or wet surfaces, your child can confidently come to a stop when needed, providing peace of mind for both parents and young riders.</p>
<p data-mce-fragment=""1"">The bike's thoughtful design also includes an integrated foam seat for added comfort during extended rides. With its sleek looks and safety-focused features, the Amped16 Pro Kids Bike is the perfect companion for your child's outdoor adventures.</p>",Amped Bikes,,"Bikes, Kids",TRUE,Title,Default Title,,,,,A16,11340,,1,deny,manual,440.00,550.00,,,,https://cdn.shopify.com/s/files/1/0628/4728/7545/files/Untitleddesign-2023-08-03T085254.777.png?v=1691078016,,,,,,,,,,,,,,,,,,,,g,,,active
amped16,,,,,,,,,,,,,,,,,,,,,,,,https://cdn.shopify.com/s/files/1/0628/4728/7545/files/Amped16angle.png?v=1691078234,,,,,,,,,,,,,,,,,,,,,,,
amped16-pro,Amped16 Pro,"<meta charset=""utf-8"">
<p data-mce-fragment=""1"">Introducing the Amped16 Pro Kids Bike - a cross bike designed to deliver an exhilarating and safe riding experience for 5 to 7 year old riders. Crafted with a lightweight aluminum alloy frame, this bike boasts exceptional shock absorption and a high load capacity, ensuring durability and comfort on any terrain.</p>
<p data-mce-fragment=""1"">With three distinct riding modes to choose from, parents can easily tailor the bike's performance to their child's skill level. The Safe mode, with a speed limit of &lt; 7 mph, is perfect for beginners, while the Casual mode (&lt;12mph) offers a balance of speed and control. For more adventurous riders, the Offroad mode (&lt;16kph) unlocks higher speeds for exciting adventures.</p>
<p data-mce-fragment=""1"">Thanks to its 24V/5.2 Ah battery, the Amped16 Pro provides an impressive range of up to 20 miles of continuous power, allowing families to enjoy long rides together without worries. Charging is a breeze with two convenient methods - simply remove the battery for charging or directly plug the power supply into the body.</p>
<p data-mce-fragment=""1"">Safety is a top priority, and the Amped16 Pro comes equipped with an E-ABS high-efficiency quick braking system, ensuring reliable and responsive braking in both dry and wet conditions. Parents can have peace of mind knowing their child can stop safely when needed.</p>
<p data-mce-fragment=""1"">With the Amped16 Pro Kids Bike, your child can experience the joy of riding while you rest assured that they are equipped with a feature-packed, safe, and reliable companion for their outdoor escapades. </p>",Amped Bikes,,"Bikes, Kids",TRUE,Title,Default Title,,,,,A16PRO,11340,,1,deny,manual,560.00,700.00,,,,https://cdn.shopify.com/s/files/1/0628/4728/7545/files/Untitleddesign-2023-08-03T085835.881.png?v=1691078397,,,,,,,,,,,,,,,,,,,,g,,,active
amped16-pro,,,,,,,,,,,,,,,,,,,,,,,,https://cdn.shopify.com/s/files/1/0628/4728/7545/files/Amped16Bro.png?v=1691078451,,,,,,,,,,,,,,,,,,,,,,,
strider-14x-sport,Strider 14X Sport,"<meta charset=""UTF-8"">
<p data-mce-fragment=""1""> Ages 3 – 7 years old</p>
<p><span>Fits Inseam: 40-58 cm (16-23 in.)<br>Rider Height: Approx. 95-125 cm (37-49 in.)</span></p>
<p><span>Maximum Rider Weight: 36 kg (80 lbs.)</span></p>
<p data-mce-fragment=""1""><span data-mce-fragment=""1"">Instant success. That’s what we wanted kids to experience on the Strider 14x Sport. We put together all the right ingredients to give your tyke a taste of confidence to successfully shift from riding a balance bike to pedaling like a pro as quickly as possible. Why? Because of the success your child experiences when they ride a Strider is going to stay with them throughout their life.</span></p>
<p data-mce-fragment=""1""><span data-mce-fragment=""1""><a href=""https://ampedbikes.com/collections/parts-accessories/products/strider-14x-easy-ride-pedal-kit"" title=""Strider Pedal Kit"">Pedal Kit</a> sold separately. </span></p>
<p data-mce-fragment=""1""><span data-mce-fragment=""1"">Tangerine color</span></p>",Strider,,"Bikes, Kids",TRUE,Title,Default Title,,,,,10- 848953002449,6804,,1,deny,manual,190.00,,,,,https://cdn.shopify.com/s/files/1/0628/4728/7545/products/3.png?v=1660320907,,,,,,,,,,,,,,,,,,,,g,,,active
strider-14x-sport,,,,,,,,,,,,,,,,,,,,,,,,https://cdn.shopify.com/s/files/1/0628/4728/7545/products/1.png?v=1660320907,,,,,,,,,,,,,,,,,,,,,,,
strider-14x-sport,,,,,,,,,,,,,,,,,,,,,,,,https://cdn.shopify.com/s/files/1/0628/4728/7545/products/2.png?v=1660320907,,,,,,,,,,,,,,,,,,,,,,,
strider-14x-sport,,,,,,,,,,,,,,,,,,,,,,,,https://cdn.shopify.com/s/files/1/0628/4728/7545/products/141.png?v=1660319399,,,,,,,,,,,,,,,,,,,,,,,
strider-12-pro,Strider 12 Sport,"<meta charset=""UTF-8""> <meta charset=""UTF-8"">
<p data-mce-fragment=""1"">We believe in raising kids who excel at life and always have the courage to tackle whatever comes next. That’s why the Strider 12 Sport Balance Bike has become the ultimate vehicle for kids as young as 18 months. Your tiny-legged toddler is ready to ride, thirsting for freedom, and craving adventure. Give your child the bike that set the world on fire and encourages them to experience the thrill of riding while developing confidence and coordination…before they’re even out of diapers.</p>
<p data-mce-fragment=""1"">The Sport is our best all-around model. Mini-grips mean little mitts can easily take control and make this lean, mean, durable bike the biggest bang for your buck, which is probably why it’s our best seller. The 12 Sport is the perfect bike to take your child from baby steps to big strides, all without busting out a toolkit (tool-free seat and handlebar adjustment AND tires that never go flat). The Strider Sport has a seat height range from 28-48 cm (11-19 in.), which means it fits a huge range of inseam lengths (30-51 cm [12-20 in.]). The cushy, padded seat and an additional extra-long seatpost means your child will get years out of their Strider.</p>
<p data-mce-fragment=""1""> </p>",Strider,,"Bikes, Kids",TRUE,Title,Default Title,,,,,10- 848953002418,4536,,1,deny,manual,140.00,,,,,https://cdn.shopify.com/s/files/1/0628/4728/7545/products/121.png?v=1660319104,,,,,,,,,,,,,,,,,,,,g,,,active
strider-12-pro,,,,,,,,,,,,,,,,,,,,,,,,https://cdn.shopify.com/s/files/1/0628/4728/7545/products/123.png?v=1660319071,,,,,,,,,,,,,,,,,,,,,,,
strider-12-pro,,,,,,,,,,,,,,,,,,,,,,,,https://cdn.shopify.com/s/files/1/0628/4728/7545/products/122.png?v=1660319054,,,,,,,,,,,,,,,,,,,,,,,
Shopify Spy extracts only 100 products on a free plan.,,,,,,,,,,,,,,,,,,,,,,,,,,,,,,,,,,,,,,,,,,,,,,,
