Handle,Title,Body (HTML),Vendor,Type,Tags,Published,Option1 Name,Option1 Value,Option2 Name,Option2 Value,Option3 Name,Option3 Value,Variant SKU,Variant Grams,Variant Inventory Tracker,Variant Inventory Qty,Variant Inventory Policy,Variant Fulfillment Service,Variant Price,Variant Compare At Price,Variant Requires Shipping,Variant Taxable,Variant Barcode,Image Src,Image Position,Image Alt Text,Gift Card,SEO Title,SEO Description,Google Shopping / Google Product Category,Google Shopping / Gender,Google Shopping / Age Group,Google Shopping / MPN,Google Shopping / AdWords Grouping,Google Shopping / AdWords Labels,Google Shopping / Condition,Google Shopping / Custom Product,Google Shopping / Custom Label 0,Google Shopping / Custom Label 1,Google Shopping / Custom Label 2,Google Shopping / Custom Label 3,Google Shopping / Custom Label 4,Variant Image,Variant Weight Unit,Variant Tax Code,Cost per item,Status
rayce-helmet,Rayce Helmet,"From Fly Racing this lightweight helmet has a <span data-mce-fragment=""1""><span data-mce-fragment=""1"">ton of airflow for rides on hot days, and a certified EPS foam liner to protect you while riding.<br><meta charset=""utf-8""></span></span>
<ul class=""features"">
<li>Aerodynamic lightweight poly-alloy shell</li>
<li>Padded chin strap with a D-ring closure</li>
<li>Aluminum visor screws</li>
<li>CSPC certified EPS foam liner for protection</li>
<li>930 grams +/-50g (size M), 2.05 pounds +/- .11lb (size M)</li>
<li>Removable and washable liner and cheek pads</li>
<li>True Functional Ventilation (TFV)-When in motion air is forced through multiple air intake vents, then passed through aligned vent channels in the EPS and exits out multiple rear exhaust vents</li>
</ul>",Amped Bikes,,"Helmet, Sur-Ron Parts, Talaria Parts",TRUE,Size,S,Color,Matte Black,,,PSM0295S,0,,1,deny,manual,90.00,120.00,,,,https://cdn.shopify.com/s/files/1/0628/4728/7545/files/matteblacke.png?v=1697143226,,,,,,,,,,,,,,,,,,,https://cdn.shopify.com/s/files/1/0628/4728/7545/files/matteblacke.png?v=1697143226,g,,,active
rayce-helmet,,,,,,,Size,S,Color,Matte Grey,,,PSM0296S,0,,1,deny,manual,90.00,120.00,,,,https://cdn.shopify.com/s/files/1/0628/4728/7545/files/mattegrey.png?v=1697143226,,,,,,,,,,,,,,,,,,,https://cdn.shopify.com/s/files/1/0628/4728/7545/files/mattegrey.png?v=1697143226,g,,,active
rayce-helmet,,,,,,,Size,M,Color,Matte Black,,,PMM0297S,0,,1,deny,manual,90.00,120.00,,,,https://cdn.shopify.com/s/files/1/0628/4728/7545/products/e4c8-60d2567aa6193.jpg?v=1697143226,,,,,,,,,,,,,,,,,,,https://cdn.shopify.com/s/files/1/0628/4728/7545/files/matteblacke.png?v=1697143226,g,,,active
rayce-helmet,,,,,,,Size,M,Color,Matte Grey,,,PMM0298S,0,,1,deny,manual,90.00,120.00,,,,,,,,,,,,,,,,,,,,,,,https://cdn.shopify.com/s/files/1/0628/4728/7545/files/mattegrey.png?v=1697143226,g,,,active
rayce-helmet,,,,,,,Size,L,Color,Matte Black,,,PLM0299S,0,,1,deny,manual,90.00,120.00,,,,,,,,,,,,,,,,,,,,,,,https://cdn.shopify.com/s/files/1/0628/4728/7545/files/matteblacke.png?v=1697143226,g,,,active
rayce-helmet,,,,,,,Size,L,Color,Matte Grey,,,PLM0300S,0,,1,deny,manual,90.00,120.00,,,,,,,,,,,,,,,,,,,,,,,https://cdn.shopify.com/s/files/1/0628/4728/7545/files/mattegrey.png?v=1697143226,g,,,active
rayce-helmet,,,,,,,Size,XL,Color,Matte Black,,,PXM0301S,0,,1,deny,manual,90.00,120.00,,,,,,,,,,,,,,,,,,,,,,,https://cdn.shopify.com/s/files/1/0628/4728/7545/files/matteblacke.png?v=1697143226,g,,,active
rayce-helmet,,,,,,,Size,XL,Color,Matte Grey,,,PXM0302S,0,,1,deny,manual,90.00,120.00,,,,,,,,,,,,,,,,,,,,,,,https://cdn.shopify.com/s/files/1/0628/4728/7545/files/mattegrey.png?v=1697143226,g,,,active
rayce-helmet,,,,,,,Size,YM,Color,Matte Black,,,PYM0303S,0,,1,deny,manual,90.00,120.00,,,,,,,,,,,,,,,,,,,,,,,https://cdn.shopify.com/s/files/1/0628/4728/7545/files/matteblacke.png?v=1697143226,g,,,active
rayce-helmet,,,,,,,Size,YM,Color,Matte Grey,,,PYM0304S,0,,1,deny,manual,90.00,120.00,,,,,,,,,,,,,,,,,,,,,,,https://cdn.shopify.com/s/files/1/0628/4728/7545/files/mattegrey.png?v=1697143226,g,,,active
rayce-helmet,,,,,,,Size,YL,Color,Matte Black,,,PYM0305S,0,,1,deny,manual,90.00,120.00,,,,,,,,,,,,,,,,,,,,,,,https://cdn.shopify.com/s/files/1/0628/4728/7545/files/matteblacke.png?v=1697143226,g,,,active
rayce-helmet,,,,,,,Size,YL,Color,Matte Grey,,,PYM0306S,0,,1,deny,manual,90.00,120.00,,,,,,,,,,,,,,,,,,,,,,,https://cdn.shopify.com/s/files/1/0628/4728/7545/files/mattegrey.png?v=1697143226,g,,,active
dominion-a4-brake-kit,Dominion A4 Brake Kit,"<p data-mce-fragment=""1"">Experience faster, crisper stops with the award-winning Hayes Dominion A4 Brake Kit. Featuring a factory-tuned master cylinder, four-piston caliper, Kevlar hose, and the QuickBite system, heat and pressure are quickly dissipated for smooth, consistent performance. Impressively durable and easy to maintain with DOT 5.1 fluid and a Two-Stroke dual-port bleed system.</p>
<p data-mce-fragment=""1"">Brake lines (100cm front and 180cm back) are the correct length for Sur Ron and Talaria installation. Front and rear kits are sold separately. Small Finger Lever (SFL) option available.</p>
<p data-mce-fragment=""1"">Features:<br><meta charset=""utf-8""></p>
<ul>
<li>Reduced Friction - A featherlight lever feel is achieved through a combination of an added glide ring on the piston and sealed ball bearings at the lever blade pivot</li>
<li>SRL<span> - Stable Rate Link delivers a consistent lever ratio regardless of reach adjustment</span>
</li>
<li>Precise Engagement<span> - Each Dominion is factory set to have the lowest dead stroke possible and a crisp bite point</span>
</li>
<li>Built to last<span> - Metal pistons are used to ensure that no matter the terrain or temperature your brake will continue to perform as it did on the first ride</span>
</li>
<li>Adjustable Reach<span> - Adjust your lever reach with ease while on the trail thanks to an intuitive adjustment knob design</span>
</li>
<li><span>Crosshair Caliper Alignment screws allow for quick and accurate setup</span></li>
<li><span>2-Stroke dual port bleed system for maximum bleed integrity</span></li>
</ul>",Hayes,Brake Kit,"Brakes, Handlebars & Controls, Sur-Ron Parts, Talaria Parts",TRUE,Style,Front,,,,,PF0263S,454,,1,deny,manual,187.50,250.00,,,,https://cdn.shopify.com/s/files/1/0628/4728/7545/files/Untitleddesign-2023-09-19T091140.329.png?v=1695140120,,,,,,,,,,,,,,,,,,,,g,,,active
dominion-a4-brake-kit,,,,,,,Style,Rear,,,,,PR0264S,454,,1,deny,manual,187.50,250.00,,,,,,,,,,,,,,,,,,,,,,,,g,,,active
dominion-a4-brake-kit,,,,,,,Style,SFL Front,,,,,PS0265S,454,,0,deny,manual,187.50,250.00,,,,,,,,,,,,,,,,,,,,,,,,g,,,active
dominion-a4-brake-kit,,,,,,,Style,SFL Rear,,,,,PS0266S,454,,0,deny,manual,187.50,250.00,,,,,,,,,,,,,,,,,,,,,,,,g,,,active
fork-manitou-dorado-expert-27-5,Manitou Dorado Expert 27.5'' Fork,"<meta charset=""utf-8""><span data-mce-fragment=""1"">The Dorado is an extraordinary downhill fork <meta charset=""utf-8"">designed to elevate your riding experience to new heights. This fork can be used on the Sur-Ron and Talaria and is meticulously crafted with 7050 legs, an inverted design, dual-chamber air springs, and TPC+ damping featuring independent high and low-speed compression. With hydraulic bottom-out and top-out capabilities, as well as Manitou's patented HexLock 20mm thru-axle, The Dorado ensures unmatched control and stability on every descent. Brace yourself for the ultimate downhill adventure with The Dorado.</span>",Amped Bikes,Suspension,"Sur-Ron Parts, Suspension, Talaria Parts",TRUE,Title,Default Title,,,,,P0186S,3175,,1,deny,manual,1200.00,1600.00,,,,https://cdn.shopify.com/s/files/1/0628/4728/7545/files/forkmanitoudorado27.5.jpg?v=1686940294,,,,,,,,,,,,,,,,,,,,g,,,active
copy-of-manitou-dorado-expert-27-5-fork,Manitou Dorado Comp 27.5'' Fork,"<meta charset=""utf-8""><span data-mce-fragment=""1"">Perfect on the Sur-ron or Talaria the all-new Dorado Comp boasts a 37mm chassis, mirroring its Expert counterpart, while embodying a ""set it and forget it"" mentality. Equipped with a reliable coil spring, it guarantees a consistently smooth ride, eliminating any hassle that may come your way. On the damping front, our ABS+ Damper delivers an impressive range of adjustments, ensuring optimal performance, exceptional dependability, and effortless maintenance. Built with simplicity in mind, the Dorado Comp is tailored for riders who prioritize pure riding pleasure and refuse to be bogged down by adjustments. Get ready to hit the trails without a worry, as the Dorado Comp handles all the small stuff for you.</span><br>",Amped Bikes,Suspension,"Sur-Ron Parts, Suspension, Talaria Parts",TRUE,Title,Default Title,,,,,P0188S,3175,,1,deny,manual,975.00,1300.00,,,,https://cdn.shopify.com/s/files/1/0628/4728/7545/files/Untitleddesign_82.png?v=1686941352,,,,,,,,,,,,,,,,,,,,g,,,active
tusk-severe-duty-3mm-motorcycle-tube-70-100x19,Heavy Duty Motorcycle Tube,"<ul data-mce-fragment=""1"">The Heavy Duty Motorcycle Tube is the perfect replacement for your pinched or punctured tube. These tubes are 2mm thick for excellent puncture resistance. Made from high quality butyl rubber, the Heavy Duty Tube is made to withstand some of the roughest terrain.</ul>
<ul data-mce-fragment=""1"">
<li data-mce-fragment=""1"">Made from high quality rubber for a long lasting life.</li>
<li data-mce-fragment=""1"">TR-4 valve stem.</li>
<li data-mce-fragment=""1"">Extra thickness for optimal performance and puncture resistance.</li>
</ul>",RMATV,Tube,"Sur-Ron Parts, Talaria Parts, Tires & Tubes, Wheels&Tires",TRUE,Size,"18""",,,,,P0027S-3,907,,1,deny,manual,11.25,15.00,,,,https://cdn.shopify.com/s/files/1/0628/4728/7545/products/TuskTireTube.jpg?v=1644986924,,,,,,,,,,,,,,,,,,,,g,,,active
tusk-severe-duty-3mm-motorcycle-tube-70-100x19,,,,,,,Size,"19""",,,,,P0027S,907,,1,deny,manual,11.25,15.00,,,,,,,,,,,,,,,,,,,,,,,,g,,,active
tusk-severe-duty-3mm-motorcycle-tube-70-100x19,,,,,,,Size,"21""",,,,,P0027S-2,907,,1,deny,manual,11.25,15.00,,,,,,,,,,,,,,,,,,,,,,,,g,,,active
rifle-rig,Rifle Rig,"<p>Rifle Rig for your next hunting excursion. Thoughtfully designed and easy to install, these kits include two aluminum alloy rig pieces, bolts, installation instructions, and a rubber safety strap. <meta charset=""utf-8"">Choose the rig setup for your Sur-Ron or Talaria.</p>
<p>Manufactured in the US, rifle rigs fit all rifles and shotguns. </p>",Amped Bikes,,"Frame&Body, Sur-Ron Parts, Talaria Parts, Tools&Accessories",TRUE,Bike,Talaria Rig,,,,,P0225S,0,,1,deny,manual,262.50,350.00,,,,https://cdn.shopify.com/s/files/1/0628/4728/7545/files/Untitleddesign-2023-08-25T130429.787.png?v=1692993908,,,,,,,,,,,,,,,,,,,,g,,,active
rifle-rig,,,,,,,Bike,Sur-Ron Rig,,,,,P0225S-2,0,,1,deny,manual,262.50,350.00,,,,https://cdn.shopify.com/s/files/1/0628/4728/7545/files/Untitleddesign-2023-08-25T130454.137.png?v=1692993908,,,,,,,,,,,,,,,,,,,,g,,,active
tusk-olympus-tank-bag,Tusk Olympus Tank Bag,"<meta charset=""utf-8""><meta charset=""utf-8""><span data-mce-fragment=""1"">The Tusk Olympus Tank Bag is the ideal companion for your adventure or touring emoto rides. Tank bags are the perfect place to store the items you need the most frequent access to, and the Olympus Tank Bag serves this purpose with several features to keep your things organized, easily accessible, and conveniently stored. All of the small details that make a big difference are included in the Olympus Tank Bag. Available in two sizes, the small and large bags are identical except for their storage capacity and allow for the perfect setup for your adventure or touring needs. The small tank bag is ideal for smaller adventure and dual sport motorcycles while the large is ideal for the bigger adventure and touring bikes. That said, the large isn’t so big that it’s not useful for those smaller bikes as well. Both tank bags include a rain cover and all mounting straps with quick-release buckles to easily install your bag on your motorcycle.</span>
<ul data-mce-fragment=""1"">
<li data-mce-fragment=""1"">Quality tank bag built for Touring and Adventure riding.</li>
<li data-mce-fragment=""1"">Now featuring all new heavy duty YKK Zippers.</li>
<li data-mce-fragment=""1"">Clear top map or phone pocket build into the lid.</li>
<li data-mce-fragment=""1"">Charging cable port in the front of the main body of the bag and an internal port to run cables to the top phone pocket.</li>
<li data-mce-fragment=""1"">Elastic top chord for a secure place to keep gloves when parked.</li>
<li data-mce-fragment=""1"">Small outside loop to hold sunglasses to the bag when parked. *Removable inner bag divider.</li>
<li data-mce-fragment=""1"">Inner key hook.</li>
<li data-mce-fragment=""1"">One outer mesh pocket and 2 small inner mesh pockets (1 zipper, 1 Velcro) and multiple elastic loops inside of bag to keep items organized.</li>
<li data-mce-fragment=""1"">Durable construction and materials that feature Duraflex buckles, nylon, polyester, and TPU construction.</li>
<li data-mce-fragment=""1"">1680D construction</li>
<li data-mce-fragment=""1"">Textured material on bottom prevents sliding across the tank. *Easy-to-install rain cover included (stores neatly in tank bag when not in use).</li>
<li data-mce-fragment=""1"">Universal mounting.</li>
<li data-mce-fragment=""1"">Comfortable rubber carry handle.</li>
<li data-mce-fragment=""1"">Reflective Tusk logos on the sides for added visibility at night.</li>
<li data-mce-fragment=""1"">All mounting straps and buckles included.</li>
<li data-mce-fragment=""1"">Small bag - Width: 6.5"", Top Length: 10"", Bottom Length: 11"", Height: 7"" (6 Liters)</li>
</ul>
<br>",Amped Bikes,,"Bag, Sur-Ron Parts, Talaria Parts",TRUE,Color,Black/Grey,,,,,PB0196S,0,,1,deny,manual,75.00,100.00,,,,https://cdn.shopify.com/s/files/1/0628/4728/7545/files/Untitleddesign_91.png?v=1687283640,,,,,,,,,,,,,,,,,,,,g,,,active
tusk-olympus-tank-bag,,,,,,,Color,Black/Tan,,,,,PB0197S,0,,1,deny,manual,75.00,100.00,,,,https://cdn.shopify.com/s/files/1/0628/4728/7545/files/Untitleddesign_90.png?v=1687283639,,,,,,,,,,,,,,,,,,,,g,,,active
ridecamp-gloves,Ridecamp Gloves,"<p><meta charset=""utf-8""><span data-mce-fragment=""1"">This trail-ready glove boasts a versatile design without unnecessary padding, so you open the throttle without any hindrance. The glove's breathable materials and clever features, such as supple Clarino palms, keep you firmly in control even on adrenaline-pumping descents, preventing uncomfortable sweat buildup. Plus, with stretch finger gussets, you'll have the freedom to feather the brakes during downhill rides without any limitations. Say goodbye to the hassle and embrace unparalleled comfort and control with the Ridecamp Glove.</span></p>
<p><a href=""https://cdn.shopify.com/s/files/1/0042/0190/6234/files/All_Glove_Chart_2020.pdf?v=1593727055"" target=""_blank"" title=""Glove Size Guide"" rel=""noopener noreferrer""><span data-mce-fragment=""1"">Glove Size Guide</span></a></p>
<p>Features:</p>
<ul class=""css-1isgwd"" data-id=""detailsAccordion"" role=""list"">
<li class=""css-e3648i"">Grippy Clarino palm provides cockpit dexterity</li>
<li class=""css-e3648i"">Hook-and-loop wrist closure ensures you get the right fit</li>
<li class=""css-e3648i"">Touchscreen-compatible yarns let you snap ride shots</li>
<li class=""css-e3648i"">Micro-suede thumb panel keeps your face and lenses clean</li>
</ul>",100%,,Gloves,TRUE,Size,Small,Color,Fluoride Yellow,,,PSF0204S,0,,1,deny,manual,18.75,25.00,,,,https://cdn.shopify.com/s/files/1/0628/4728/7545/files/RidecampGloveFluorideYellow.png?v=1689784747,,,,,,,,,,,,,,,,,,,https://cdn.shopify.com/s/files/1/0628/4728/7545/files/RidecampGloveFluorideYellow.png?v=1689784747,g,,,active
ridecamp-gloves,,,,,,,Size,Small,Color,Black,,,PSB0205S,0,,1,deny,manual,18.75,25.00,,,,https://cdn.shopify.com/s/files/1/0628/4728/7545/files/Untitleddesign-2023-07-19T094618.632.png?v=1689785287,,,,,,,,,,,,,,,,,,,https://cdn.shopify.com/s/files/1/0628/4728/7545/files/Untitleddesign-2023-07-19T094618.632.png?v=1689785287,g,,,active
ridecamp-gloves,,,,,,,Size,Medium,Color,Fluoride Yellow,,,PMF0206S,0,,1,deny,manual,18.75,25.00,,,,,,,,,,,,,,,,,,,,,,,https://cdn.shopify.com/s/files/1/0628/4728/7545/files/RidecampGloveFluorideYellow.png?v=1689784747,g,,,active
ridecamp-gloves,,,,,,,Size,Medium,Color,Black,,,PMB0207S,0,,1,deny,manual,18.75,25.00,,,,,,,,,,,,,,,,,,,,,,,https://cdn.shopify.com/s/files/1/0628/4728/7545/files/Untitleddesign-2023-07-19T094618.632.png?v=1689785287,g,,,active
ridecamp-gloves,,,,,,,Size,Large,Color,Fluoride Yellow,,,PLF0208S,0,,1,deny,manual,18.75,25.00,,,,,,,,,,,,,,,,,,,,,,,https://cdn.shopify.com/s/files/1/0628/4728/7545/files/RidecampGloveFluorideYellow.png?v=1689784747,g,,,active
ridecamp-gloves,,,,,,,Size,Large,Color,Black,,,PLB0209S,0,,1,deny,manual,18.75,25.00,,,,,,,,,,,,,,,,,,,,,,,https://cdn.shopify.com/s/files/1/0628/4728/7545/files/Untitleddesign-2023-07-19T094618.632.png?v=1689785287,g,,,active
ridecamp-gloves,,,,,,,Size,XL,Color,Fluoride Yellow,,,PXF0210S,0,,1,deny,manual,18.75,25.00,,,,,,,,,,,,,,,,,,,,,,,https://cdn.shopify.com/s/files/1/0628/4728/7545/files/RidecampGloveFluorideYellow.png?v=1689784747,g,,,active
ridecamp-gloves,,,,,,,Size,XL,Color,Black,,,PXB0211S,0,,1,deny,manual,18.75,25.00,,,,,,,,,,,,,,,,,,,,,,,https://cdn.shopify.com/s/files/1/0628/4728/7545/files/Untitleddesign-2023-07-19T094618.632.png?v=1689785287,g,,,active
ridecamp-gloves,,,,,,,Size,2XL,Color,Fluoride Yellow,,,P2F0212S,0,,1,deny,manual,18.75,25.00,,,,,,,,,,,,,,,,,,,,,,,https://cdn.shopify.com/s/files/1/0628/4728/7545/files/RidecampGloveFluorideYellow.png?v=1689784747,g,,,active
ridecamp-gloves,,,,,,,Size,2XL,Color,Black,,,P2B0213S,0,,1,deny,manual,18.75,25.00,,,,,,,,,,,,,,,,,,,,,,,https://cdn.shopify.com/s/files/1/0628/4728/7545/files/Untitleddesign-2023-07-19T094618.632.png?v=1689785287,g,,,active
ridecamp-womens-gloves,Ridecamp Womens Gloves,"<p><meta charset=""utf-8""><span data-mce-fragment=""1"">This trail-ready women's glove boasts a versatile design without unnecessary padding, so you open the throttle without any hindrance. The glove's breathable materials and clever features, such as supple Clarino palms, keep you firmly in control even on adrenaline-pumping descents, preventing uncomfortable sweat buildup. Plus, with stretch finger gussets, you'll have the freedom to feather the brakes during downhill rides without any limitations. Say goodbye to the hassle and embrace unparalleled comfort and control with the Ridecamp Glove.</span></p>
<p><a href=""https://cdn.shopify.com/s/files/1/0042/0190/6234/files/All_Glove_Chart_2020.pdf?v=1593727055"" title=""Glove Size Guide"" target=""_blank""><span data-mce-fragment=""1"">Glove Size Guide</span></a></p>
<p>Features:</p>
<ul class=""css-1isgwd"" data-id=""detailsAccordion"" role=""list"">
<li class=""css-e3648i"">Grippy Clarino palm provides cockpit dexterity</li>
<li class=""css-e3648i"">Hook-and-loop wrist closure ensures you get the right fit</li>
<li class=""css-e3648i"">Touchscreen-compatible yarns let you snap ride shots</li>
<li class=""css-e3648i"">Micro-suede thumb panel keeps your face and lenses clean</li>
</ul>",100%,,Gloves,TRUE,Size,Small,Color,Black,,,PSB0216S,0,,1,deny,manual,18.75,25.00,,,,https://cdn.shopify.com/s/files/1/0628/4728/7545/files/Untitleddesign-2023-07-19T094618.632_dba03d84-52df-44b6-bca9-966a88229728.png?v=1689787536,,,,,,,,,,,,,,,,,,,https://cdn.shopify.com/s/files/1/0628/4728/7545/files/Untitleddesign-2023-07-19T094618.632_dba03d84-52df-44b6-bca9-966a88229728.png?v=1689787536,g,,,active
ridecamp-womens-gloves,,,,,,,Size,Medium,Color,Black,,,PMB0217S,0,,1,deny,manual,18.75,25.00,,,,,,,,,,,,,,,,,,,,,,,https://cdn.shopify.com/s/files/1/0628/4728/7545/files/Untitleddesign-2023-07-19T094618.632_dba03d84-52df-44b6-bca9-966a88229728.png?v=1689787536,g,,,active
ridecamp-womens-gloves,,,,,,,Size,Large,Color,Black,,,PLB0218S,0,,1,deny,manual,18.75,25.00,,,,,,,,,,,,,,,,,,,,,,,https://cdn.shopify.com/s/files/1/0628/4728/7545/files/Untitleddesign-2023-07-19T094618.632_dba03d84-52df-44b6-bca9-966a88229728.png?v=1689787536,g,,,active
ridecamp-womens-gloves,,,,,,,Size,XL,Color,Black,,,PXB0219S,0,,1,deny,manual,18.75,25.00,,,,,,,,,,,,,,,,,,,,,,,https://cdn.shopify.com/s/files/1/0628/4728/7545/files/Untitleddesign-2023-07-19T094618.632_dba03d84-52df-44b6-bca9-966a88229728.png?v=1689787536,g,,,active
muc-off-bar-bag,Muc Off Bar Bag,"<p>Universal Bar Bags from Muc Off. These bags are d<span data-mce-fragment=""1"">esigned to accommodate your everyday essentials with a soft divider to separate your cards from your smartphone or your inner tube from multi-tools, gas cylinders, and tyre levers. </span></p>
<p><span data-mce-fragment=""1"">The rainproof bag options feature a </span></p>
<meta charset=""utf-8"">
<p><span data-mce-fragment=""1"">tough outer water-repellent fabric for additional weather protection. While a heavy-duty rubber-encased rope zip pull allows for quick and easy access on the bike.</span></p>",Muc Off,Bag,Bag,TRUE,Style,Bolt,,,,,PB0226S,0,,1,deny,manual,18.75,25.00,,,,https://cdn.shopify.com/s/files/1/0628/4728/7545/files/BarBagBlack.png?v=1690390675,,,,,,,,,,,,,,,,,,,https://cdn.shopify.com/s/files/1/0628/4728/7545/files/BarBagBolt.png?v=1690390673,g,,,active
muc-off-bar-bag,,,,,,,Style,Camo,,,,,PC0227S,0,,1,deny,manual,18.75,25.00,,,,https://cdn.shopify.com/s/files/1/0628/4728/7545/files/BarBagRainproofBlackBack.png?v=1690390674,,,,,,,,,,,,,,,,,,,https://cdn.shopify.com/s/files/1/0628/4728/7545/files/BarBagCamo.png?v=1690390675,g,,,active
muc-off-bar-bag,,,,,,,Style,Rainproof Black,,,,,PR0228S,0,,1,deny,manual,18.75,25.00,,,,https://cdn.shopify.com/s/files/1/0628/4728/7545/files/BarBagRainproofYellow.png?v=1690390674,,,,,,,,,,,,,,,,,,,https://cdn.shopify.com/s/files/1/0628/4728/7545/files/BarBagBlack.png?v=1690390675,g,,,active
muc-off-bar-bag,,,,,,,Style,Rainproof Yellow,,,,,PR0229S,0,,1,deny,manual,18.75,25.00,,,,https://cdn.shopify.com/s/files/1/0628/4728/7545/files/BarBagBolt.png?v=1690390673,,,,,,,,,,,,,,,,,,,https://cdn.shopify.com/s/files/1/0628/4728/7545/files/BarBagRainproofYellow.png?v=1690390674,g,,,active
muc-off-bar-bag,,,,,,,,,,,,,,,,,,,,,,,,https://cdn.shopify.com/s/files/1/0628/4728/7545/files/BarBagCamo.png?v=1690390675,,,,,,,,,,,,,,,,,,,,,,,
tire-levers,Tire Levers,"<meta charset=""utf-8"">
<div>Tire Lever kit from Warp9. Fits Sur-Ron</div>
<div>
<ul>
<li><span style=""font-family: -apple-system, BlinkMacSystemFont, 'San Francisco', 'Segoe UI', Roboto, 'Helvetica Neue', sans-serif; font-size: 0.875rem;"">Anodized Black Forged Aluminum </span></li>
<li><span style=""font-family: -apple-system, BlinkMacSystemFont, 'San Francisco', 'Segoe UI', Roboto, 'Helvetica Neue', sans-serif; font-size: 0.875rem;"">2 levers per kit</span></li>
<li><span style=""font-family: -apple-system, BlinkMacSystemFont, 'San Francisco', 'Segoe UI', Roboto, 'Helvetica Neue', sans-serif; font-size: 0.875rem;"">1st Lever is a tire spoon plus OEM Swingarm 4 tooth nut with a 13mm on the back side for shock and linkage nuts</span></li>
<li><span style=""font-family: -apple-system, BlinkMacSystemFont, 'San Francisco', 'Segoe UI', Roboto, 'Helvetica Neue', sans-serif; font-size: 0.875rem;"">2nd lever is tire spoon and 17mm for the Surron rear Axle nut</span></li>
<li><span style=""font-family: -apple-system, BlinkMacSystemFont, 'San Francisco', 'Segoe UI', Roboto, 'Helvetica Neue', sans-serif; font-size: 0.875rem;"">With these 2 levers and 2 allen wrenches (not included) you can change your Surron drive belt on the trail if needed, deal with flat tires or snug up a loose axle nut.</span></li>
</ul>
</div>",Warp9,,"Sur-Ron Parts, Talaria Parts, Tires & Tubes, Tools&Accessories",TRUE,Title,Default Title,,,,,P0195S,0,,1,deny,manual,33.75,45.00,,,,https://cdn.shopify.com/s/files/1/0628/4728/7545/files/Untitleddesign_88.png?v=1687282805,,,,,,,,,,,,,,,,,,,,g,,,active
trail-side-first-aid-kit,Trail Side First Aid Kit,"<p>Easy to carry and compact First Aid Kit from Tusk. Contents include:</p>
<p><meta charset=""utf-8""><span>- Medical Scissors x1</span><br><span>- PBT Bandage Roll x1</span><br><span>- Medical Tape Roll x1</span><br><span>- Cotton Wrap Roll x1</span><br><span>- Instant Ice Pack x1</span><br><span>- Burn Dressing Pad x1</span><br><span>- Sterile Gauze Pad Large x4</span><br><span>- Sterile Gauze Pad Medium x4</span><br><span>- Sterile Gauze Pad Small x4</span><br><span>- Cotton Swab x10</span><br><span>- Safety Pin x2</span><br><span>- Disposable Sterilized Latex Gloves x1 pair</span><br><span>- Tweezers x1</span><br><span>- Non-Adherent Pad x2</span><br><span>- Adhesive Wound Dressing x1</span><br><span>- Adhesive Strip bandage small x12</span><br><span>- Adhesive Strip bandage medium x16</span><br><span>- Adhesive Strip bandage large x4</span><br><span>- Adhesive Strip bandage X-Large x1</span><br><span>- Adhesive Strip bandage Knuckle x4</span><br><span>- Sting Relief Medicated Pad x2</span><br><span>- Alcohol Pad x12</span></p>",Amped Bikes,Aid Kit,"First Aid Kit, Rider Accessories",TRUE,Title,Default Title,,,,,P0234S,1361,,1,deny,manual,15.00,20.00,,,,https://cdn.shopify.com/s/files/1/0628/4728/7545/files/aidkit.jpg?v=1691002504,,,,,,,,,,,,,,,,,,,,g,,,active
Shopify Spy extracts only 100 products on a free plan.,,,,,,,,,,,,,,,,,,,,,,,,,,,,,,,,,,,,,,,,,,,,,,,
