Handle,Title,Body (HTML),Vendor,Type,Tags,Published,Option1 Name,Option1 Value,Option2 Name,Option2 Value,Option3 Name,Option3 Value,Variant SKU,Variant Grams,Variant Inventory Tracker,Variant Inventory Qty,Variant Inventory Policy,Variant Fulfillment Service,Variant Price,Variant Compare At Price,Variant Requires Shipping,Variant Taxable,Variant Barcode,Image Src,Image Position,Image Alt Text,Gift Card,SEO Title,SEO Description,Google Shopping / Google Product Category,Google Shopping / Gender,Google Shopping / Age Group,Google Shopping / MPN,Google Shopping / AdWords Grouping,Google Shopping / AdWords Labels,Google Shopping / Condition,Google Shopping / Custom Product,Google Shopping / Custom Label 0,Google Shopping / Custom Label 1,Google Shopping / Custom Label 2,Google Shopping / Custom Label 3,Google Shopping / Custom Label 4,Variant Image,Variant Weight Unit,Variant Tax Code,Cost per item,Status
rayce-helmet,Rayce Helmet,"From Fly Racing this lightweight helmet has a <span data-mce-fragment=""1""><span data-mce-fragment=""1"">ton of airflow for rides on hot days, and a certified EPS foam liner to protect you while riding.<br><meta charset=""utf-8""></span></span>
<ul class=""features"">
<li>Aerodynamic lightweight poly-alloy shell</li>
<li>Padded chin strap with a D-ring closure</li>
<li>Aluminum visor screws</li>
<li>CSPC certified EPS foam liner for protection</li>
<li>930 grams +/-50g (size M), 2.05 pounds +/- .11lb (size M)</li>
<li>Removable and washable liner and cheek pads</li>
<li>True Functional Ventilation (TFV)-When in motion air is forced through multiple air intake vents, then passed through aligned vent channels in the EPS and exits out multiple rear exhaust vents</li>
</ul>",Amped Bikes,,"Helmet, Sur-Ron Parts, Talaria Parts",TRUE,Size,S,Color,Matte Black,,,PSM0295S,0,,1,deny,manual,90.00,120.00,,,,https://cdn.shopify.com/s/files/1/0628/4728/7545/files/matteblacke.png?v=1697143226,,,,,,,,,,,,,,,,,,,https://cdn.shopify.com/s/files/1/0628/4728/7545/files/matteblacke.png?v=1697143226,g,,,active
rayce-helmet,,,,,,,Size,S,Color,Matte Grey,,,PSM0296S,0,,1,deny,manual,90.00,120.00,,,,https://cdn.shopify.com/s/files/1/0628/4728/7545/files/mattegrey.png?v=1697143226,,,,,,,,,,,,,,,,,,,https://cdn.shopify.com/s/files/1/0628/4728/7545/files/mattegrey.png?v=1697143226,g,,,active
rayce-helmet,,,,,,,Size,M,Color,Matte Black,,,PMM0297S,0,,1,deny,manual,90.00,120.00,,,,https://cdn.shopify.com/s/files/1/0628/4728/7545/products/e4c8-60d2567aa6193.jpg?v=1697143226,,,,,,,,,,,,,,,,,,,https://cdn.shopify.com/s/files/1/0628/4728/7545/files/matteblacke.png?v=1697143226,g,,,active
rayce-helmet,,,,,,,Size,M,Color,Matte Grey,,,PMM0298S,0,,1,deny,manual,90.00,120.00,,,,,,,,,,,,,,,,,,,,,,,https://cdn.shopify.com/s/files/1/0628/4728/7545/files/mattegrey.png?v=1697143226,g,,,active
rayce-helmet,,,,,,,Size,L,Color,Matte Black,,,PLM0299S,0,,1,deny,manual,90.00,120.00,,,,,,,,,,,,,,,,,,,,,,,https://cdn.shopify.com/s/files/1/0628/4728/7545/files/matteblacke.png?v=1697143226,g,,,active
rayce-helmet,,,,,,,Size,L,Color,Matte Grey,,,PLM0300S,0,,1,deny,manual,90.00,120.00,,,,,,,,,,,,,,,,,,,,,,,https://cdn.shopify.com/s/files/1/0628/4728/7545/files/mattegrey.png?v=1697143226,g,,,active
rayce-helmet,,,,,,,Size,XL,Color,Matte Black,,,PXM0301S,0,,1,deny,manual,90.00,120.00,,,,,,,,,,,,,,,,,,,,,,,https://cdn.shopify.com/s/files/1/0628/4728/7545/files/matteblacke.png?v=1697143226,g,,,active
rayce-helmet,,,,,,,Size,XL,Color,Matte Grey,,,PXM0302S,0,,1,deny,manual,90.00,120.00,,,,,,,,,,,,,,,,,,,,,,,https://cdn.shopify.com/s/files/1/0628/4728/7545/files/mattegrey.png?v=1697143226,g,,,active
rayce-helmet,,,,,,,Size,YM,Color,Matte Black,,,PYM0303S,0,,1,deny,manual,90.00,120.00,,,,,,,,,,,,,,,,,,,,,,,https://cdn.shopify.com/s/files/1/0628/4728/7545/files/matteblacke.png?v=1697143226,g,,,active
rayce-helmet,,,,,,,Size,YM,Color,Matte Grey,,,PYM0304S,0,,1,deny,manual,90.00,120.00,,,,,,,,,,,,,,,,,,,,,,,https://cdn.shopify.com/s/files/1/0628/4728/7545/files/mattegrey.png?v=1697143226,g,,,active
rayce-helmet,,,,,,,Size,YL,Color,Matte Black,,,PYM0305S,0,,1,deny,manual,90.00,120.00,,,,,,,,,,,,,,,,,,,,,,,https://cdn.shopify.com/s/files/1/0628/4728/7545/files/matteblacke.png?v=1697143226,g,,,active
rayce-helmet,,,,,,,Size,YL,Color,Matte Grey,,,PYM0306S,0,,1,deny,manual,90.00,120.00,,,,,,,,,,,,,,,,,,,,,,,https://cdn.shopify.com/s/files/1/0628/4728/7545/files/mattegrey.png?v=1697143226,g,,,active
xnito-urbanite-e-helmet,Xnito Urbanite E-Helmet,"<meta charset=""utf-8""><span data-mce-fragment=""1"">A classic hard shell helmet with extra safety features, including a thicker layer of EPS foam and more coverage at the temples and at the back of the head. The XNITO helmet comes equipped with front and rear Waterproof LED lights and is the same weight and style of a standard bicycle helmet. <br><br><meta charset=""utf-8""></span>
<p data-mce-fragment=""1""><strong>HELMET WEIGHT:</strong> 0.83lbs (375 grams)<br></p>
<p data-mce-fragment=""1""><strong>HELMET CONSTRUCTION</strong>: In-Mold<span> </span>(PC, EPS)</p>
<p data-mce-fragment=""1""><strong>HELMET VENTS:</strong><span> </span>10 vents</p>
<p data-mce-fragment=""1""><strong data-mce-fragment=""1"">HELMET CERTIFICATION:</strong><span data-mce-fragment=""1""> </span>CPSC, CE, NTA-8776<br></p>
<p data-mce-fragment=""1""><span data-mce-fragment=""1""><strong data-mce-fragment=""1"">SPEED PROTECTION:</strong> Up to <strong data-mce-fragment=""1"">28 mph </strong>(45 km/h)</span></p>
<p data-mce-fragment=""1""><strong data-mce-fragment=""1"">VEHICLE TYPE:</strong><span data-mce-fragment=""1""> Class 3 e-Vehicle | Electric Bike | Electric Skateboard | Electric Scooter | Roller Skate | Bicycles | OneWheel | Electric Unicycle</span></p>
<p data-mce-fragment=""1""><strong>LIGHT FEATURES:</strong></p>
<ul>
<li>USB Rechargeable<br>
</li>
<li>3 Light Modes (Flash, Static, Wavy)</li>
<li>Lasts Up To 10 Hours<br>
</li>
<li>Water-Resistant (IPX4)</li>
<li>90 Lumens</li>
</ul>",Amped Bikes,,"Helmet, Sur-Ron Parts, Talaria Parts",TRUE,Title,Default Title,,,,,P0069S,454,,1,deny,manual,150.00,,,,,https://cdn.shopify.com/s/files/1/0628/4728/7545/products/UrbaniteFront.png?v=1667600320,,,,,,,,,,,,,,,,,,,,g,,,active
xnito-urbanite-e-helmet,,,,,,,,,,,,,,,,,,,,,,,,https://cdn.shopify.com/s/files/1/0628/4728/7545/products/urbaniteinside..jpg?v=1667600320,,,,,,,,,,,,,,,,,,,,,,,
xnito-urbanite-e-helmet,,,,,,,,,,,,,,,,,,,,,,,,https://cdn.shopify.com/s/files/1/0628/4728/7545/products/UrbaniteBack.png?v=1667600319,,,,,,,,,,,,,,,,,,,,,,,
xnito-urbanite-e-helmet,,,,,,,,,,,,,,,,,,,,,,,,https://cdn.shopify.com/s/files/1/0628/4728/7545/products/UrbaniteTop.png?v=1667600320,,,,,,,,,,,,,,,,,,,,,,,
freestone-ripa-helmet,Freestone Ripa Helmet,"<meta charset=""utf-8"">
<div class=""p-rich_text_section"" data-mce-fragment=""1""><meta charset=""utf-8""></div>
<p>From Fly Racing the Medium/Large Freestone Ripa Helmet features a Polycarbonate Shell for head protection, with plenty of ventilation to keep cool during long rides.</p>
<div class=""p-rich_text_section"" data-mce-fragment=""1"">
<b data-stringify-type=""bold"" data-mce-fragment=""1"">Features:</b><br data-mce-fragment=""1"">
</div>
<ul data-stringify-type=""unordered-list"" class=""p-rich_text_list p-rich_text_list__bullet"" data-indent=""0"" data-border=""0"" data-mce-fragment=""1"">
<li data-stringify-indent=""0"" data-stringify-border=""0"" data-mce-fragment=""1"">Polycarbonate Shell</li>
<li data-stringify-indent=""0"" data-stringify-border=""0"" data-mce-fragment=""1"">ConeHead™ Technology</li>
<li data-stringify-indent=""0"" data-stringify-border=""0"" data-mce-fragment=""1"">Deep rear EPS profile offers extensive coverage</li>
<li data-stringify-indent=""0"" data-stringify-border=""0"" data-mce-fragment=""1"">True Functional Ventilation (TFV)</li>
<li data-stringify-indent=""0"" data-stringify-border=""0"" data-mce-fragment=""1"">19 vents</li>
<li data-stringify-indent=""0"" data-stringify-border=""0"" data-mce-fragment=""1"">Lightweight at 317.5 grams for a Med/Large Helmet</li>
<li data-stringify-indent=""0"" data-stringify-border=""0"" data-mce-fragment=""1"">Ventilated comfort liner with built in bug screen</li>
<li data-stringify-indent=""0"" data-stringify-border=""0"" data-mce-fragment=""1"">Adjustable moto inspired visor</li>
<li data-stringify-indent=""0"" data-stringify-border=""0"" data-mce-fragment=""1"">One hand dial fit adjustment, dial fit on the fly</li>
<li data-stringify-indent=""0"" data-stringify-border=""0"" data-mce-fragment=""1"">Quick adjust chin/cheek strap</li>
<li data-stringify-indent=""0"" data-stringify-border=""0"" data-mce-fragment=""1"">Cushy EVA impact foam on sides and back for comfort and protection.</li>
<li data-stringify-indent=""0"" data-stringify-border=""0"" data-mce-fragment=""1"">6 piece shell construction for a unique style and bold look.</li>
<li data-stringify-indent=""0"" data-stringify-border=""0"" data-mce-fragment=""1"">Safety compliance: EN1078-1997 +A1-2005 standards</li>
<li data-stringify-indent=""0"" data-stringify-border=""0"" data-mce-fragment=""1"">Removable and washable liner</li>
</ul>
<p> </p>",Amped Bikes,Helmet,"Helmet, Sur-Ron Parts, Talaria Parts",TRUE,Title,Default Title,,,,,P0182S,907,,1,deny,manual,60.00,85.00,,,,https://cdn.shopify.com/s/files/1/0628/4728/7545/files/fresstoneripa.jpg?v=1686413127,,,,,,,,,,,,,,,,,,,,g,,,active
freestone-ripa-helmet,,,,,,,,,,,,,,,,,,,,,,,,https://cdn.shopify.com/s/files/1/0628/4728/7545/files/freestonerip.jpg?v=1686413127,,,,,,,,,,,,,,,,,,,,,,,
freestone-ripa-helmet,,,,,,,,,,,,,,,,,,,,,,,,https://cdn.shopify.com/s/files/1/0628/4728/7545/files/freestoneripa.jpg?v=1686413127,,,,,,,,,,,,,,,,,,,,,,,
Shopify Spy extracts only 100 products on a free plan.,,,,,,,,,,,,,,,,,,,,,,,,,,,,,,,,,,,,,,,,,,,,,,,
