Handle,Title,Body (HTML),Vendor,Type,Tags,Published,Option1 Name,Option1 Value,Option2 Name,Option2 Value,Option3 Name,Option3 Value,Variant SKU,Variant Grams,Variant Inventory Tracker,Variant Inventory Qty,Variant Inventory Policy,Variant Fulfillment Service,Variant Price,Variant Compare At Price,Variant Requires Shipping,Variant Taxable,Variant Barcode,Image Src,Image Position,Image Alt Text,Gift Card,SEO Title,SEO Description,Google Shopping / Google Product Category,Google Shopping / Gender,Google Shopping / Age Group,Google Shopping / MPN,Google Shopping / AdWords Grouping,Google Shopping / AdWords Labels,Google Shopping / Condition,Google Shopping / Custom Product,Google Shopping / Custom Label 0,Google Shopping / Custom Label 1,Google Shopping / Custom Label 2,Google Shopping / Custom Label 3,Google Shopping / Custom Label 4,Variant Image,Variant Weight Unit,Variant Tax Code,Cost per item,Status
squadron-pro,Squadron Pro LED Light,"<p><meta charset=""utf-8""><span>Wiring Harness is plug-and-play for Talaria Sting MX3, Sur-Ron X, and Segway X260. Grab our easy plugin adapter available for Talaria Sting R MX4's.</span></p>
<p><span style=""font-weight: 400;""><span>We </span><span>partnered with vehicle lighting experts</span><span> </span><a href=""https://www.bajadesigns.com/"" title=""baja designs homepage"" data-mce-href=""https://www.bajadesigns.com/"" target=""_blank"">Baja Designs</a><span>, </span><span>to deliver </span><span>a </span><span>performance</span><span> </span><span>light kit series featuring the S1, S2, and Squadron lights</span><span data-mce-fragment=""1"">. Hit your favorite trails at night and ride with top-end visibility.</span></span></p>
<p><span style=""font-weight: 400;"">Light up the night with the Squadron Pro LED light from Baja Designs. Don’t let the compact size of these 3” light pods fool you as they will fit almost anywhere you need auxiliary lighting on your e-moto bike. While compact in size the Squadron Pro is equipped with a sleek black gloss aluminum housing and outshines the competition through both appearance and performance using next-generation LEDs pushing out 4,095 lumens. Our 30-Day Satisfaction Guarantee and Limited Lifetime Warranty is included for the ultimate in-purchase protection.</span></p>",Baja Designs,Light,"Lights, Lights&Electrical, Sur-Ron Parts, Talaria Parts",TRUE,Style,Squadron Pro,,,,,P0109S,454,,0,deny,manual,249.95,,,,,https://cdn.shopify.com/s/files/1/0628/4728/7545/files/SquadronPro.jpg?v=1684348564,,,,,,,,,,,,,,,,,,,,g,,,active
squadron-pro,,,,,,,Style,Squardon Pro + Adapter (For Talaria Sting R MX4),,,,,P0109S-2,454,,0,deny,manual,249.95,,,,,,,,,,,,,,,,,,,,,,,,,g,,,active
s2-pro-led-light,S2 Pro LED Light,"<p><span style=""font-weight: 400;""><meta charset=""utf-8""> <span>Wiring Harness is plug and play for Talaria Sting MX3, Sur-Ron X, and Segway X260. <meta charset=""utf-8"">Easy plugin adapter is available for Talaria Sting R MX4's.</span></span></p>
<p><span style=""font-weight: 400;"">We partnered with vehicle lighting experts <a href=""https://www.bajadesigns.com/"" title=""baja designs homepage"" target=""_blank"">Baja Designs</a>, to deliver a performance light kit series featuring the S1, S2, and Squadron lights<span data-mce-fragment=""1"">. Hit your favorite trails at night and ride with top-end visibility.</span></span></p>
<p><span style=""font-weight: 400;"">The S2 Pro LED Light offers an incredible 2,245 lumens out of a tiny 3-inch x 2 inch housing; the S2 Pro is quite literally the brightest LED light ounce for ounce on the market. The S2 Pro can be mounted where traditional lights would never fit. Moreover, it only draws 24 watts so your electrical system will barely know it’s there. This LED is perfect for all your adventures! An industry-first, 30-day Satisfaction Guarantee and Limited Lifetime Warranty is included for the ultimate in purchase protection.</span></p>",Baja Designs,Light,"Lights, Lights&Electrical, Sur-Ron Parts, Talaria Parts",TRUE,Style,S2 Pro,,,,,P0107S,454,,0,deny,manual,219.95,,,,,https://cdn.shopify.com/s/files/1/0628/4728/7545/products/448155_A.jpg?v=1680122230,,,,,,,,,,,,,,,,,,,,g,,,active
s2-pro-led-light,,,,,,,Style,S2 Pro + Adapater (ForTalaria Sting R MX4's),,,,,P0107S-2,454,,0,deny,manual,219.95,,,,,https://cdn.shopify.com/s/files/1/0628/4728/7545/products/Surron1.jpg?v=1680122230,,,,,,,,,,,,,,,,,,,,g,,,active
e-moto-kickstand,E-Moto Kickstand,"<p data-mce-fragment=""1"">The E-Moto Kickstand from Warp 9 is an adjustable kickstand for Surrons and Segway X260. Designed for optimal tire clearance, featuring a short spring pin and adjustable mid to full length. The ultra-strong machined steel pivot head is complemented by a lightweight tubular steel body and aluminum foot. Comes with a spring puller for reuse of the OEM kickstand spring, and a magnet in the head to retain the kickstand lockout.</p>
<p data-mce-fragment=""1"">Does not fit Talaria Sting R MX4 or XXX</p>",Warp9,Kickstand,"Foot Controls, Sur-Ron Parts",TRUE,Title,Default Title,,,,,P0270S,454,,1,deny,manual,109.00,,,,,https://cdn.shopify.com/s/files/1/0628/4728/7545/files/Untitleddesign-2023-09-20T101334.618.png?v=1695230009,,,,,,,,,,,,,,,,,,,,g,,,active
headset-bearing,Headset Bearing,"From Cane Creek, this <meta charset=""utf-8""><span data-mce-fragment=""1"">40-Series headset bearing for the Sur-Ron MX is a perfect upgrade for the stock bearing providing durability and value. Made with <meta charset=""utf-8"">6061 Aluminum with black oxide-coated bearings it will take the punishment from your rides.</span>",Amped Bikes,,"Frame&Body, Sur-Ron Parts",TRUE,Title,Default Title,,,,,P0230S,454,,0,deny,manual,65.00,,,,,https://cdn.shopify.com/s/files/1/0628/4728/7545/files/Untitleddesign-2023-07-27T223516.179.png?v=1690512122,,,,,,,,,,,,,,,,,,,,g,,,active
rifle-rig,Rifle Rig,"<p>Rifle Rig for your next hunting excursion. Thoughtfully designed and easy to install, these kits include two aluminum alloy rig pieces, bolts, installation instructions, and a rubber safety strap. <meta charset=""utf-8"">Choose the rig setup for your Sur-Ron or Talaria.</p>
<p>Manufactured in the US, rifle rigs fit all rifles and shotguns. </p>",Amped Bikes,,"Frame&Body, Sur-Ron Parts, Talaria Parts, Tools&Accessories",TRUE,Bike,Talaria Rig,,,,,P0225S,0,,1,deny,manual,262.50,350.00,,,,https://cdn.shopify.com/s/files/1/0628/4728/7545/files/Untitleddesign-2023-08-25T130429.787.png?v=1692993908,,,,,,,,,,,,,,,,,,,,g,,,active
rifle-rig,,,,,,,Bike,Sur-Ron Rig,,,,,P0225S-2,0,,1,deny,manual,262.50,350.00,,,,https://cdn.shopify.com/s/files/1/0628/4728/7545/files/Untitleddesign-2023-08-25T130454.137.png?v=1692993908,,,,,,,,,,,,,,,,,,,,g,,,active
10-spoon-tire-iron,"10"" Spoon Tire Iron","<meta charset=""utf-8"">
<ul data-v-08232cb8="""" data-mce-fragment=""1"">
<li data-v-08232cb8="""" data-mce-fragment=""1"">Wide-radiused spoon area to ensure smooth action while preventing accidental tube pinching</li>
<li data-v-08232cb8="""" data-mce-fragment=""1"">Comfortable rubber-covered handle to prevent slipping</li>
</ul>",Amped Bikes,,"Sur-Ron Parts, Talaria Parts, Tools&Accessories",TRUE,Title,Default Title,,,,,P0224S,227,,1,deny,manual,15.00,,,,,https://cdn.shopify.com/s/files/1/0628/4728/7545/files/Untitleddesign-2023-07-19T151433.819.png?v=1689804998,,,,,,,,,,,,,,,,,,,,g,,,active
muc-off-silicon-shine,Muc Off Silicon Shine,"<meta charset=""utf-8"">
<ul data-stringify-type=""unordered-list"" class=""p-rich_text_list p-rich_text_list__bullet"" data-indent=""0"" data-border=""0"" data-mce-fragment=""1"">
<li data-stringify-indent=""0"" data-stringify-border=""0"" data-mce-fragment=""1"">Protects and leaves a sparkling shine on metal, plastic &amp; rubber parts</li>
<li data-stringify-indent=""0"" data-stringify-border=""0"" data-mce-fragment=""1"">Reduces friction on fork stanchions and rear shocks</li>
<li data-stringify-indent=""0"" data-stringify-border=""0"" data-mce-fragment=""1"">Silicon formula prevents grime build up on treated surfaces</li>
<li data-stringify-indent=""0"" data-stringify-border=""0"" data-mce-fragment=""1"">Cuts down on future cleaning and maintenance</li>
</ul>",Amped Bikes,,"Sur-Ron Parts, Talaria Parts",TRUE,Title,Default Title,,,,,P0223S,0,,1,deny,manual,13.00,,,,,https://cdn.shopify.com/s/files/1/0628/4728/7545/files/MucOffSiliconShine.png?v=1689804412,,,,,,,,,,,,,,,,,,,,g,,,active
maxima-mineral-brake-oil,Maxima Mineral Brake Oil,"<meta charset=""utf-8""><span data-mce-fragment=""1"">Maxima's hydraulic mineral brake oil was developed in collaboration with a premium OEM component manufacturer. Designed to ensure fast and safe brake response at the most critical moments.</span>
<ul data-mce-fragment=""1"">
<li data-mce-fragment=""1"">Provides a consistent lever feel with zero-fade performance to give the ultimate braking control under power</li>
<li data-mce-fragment=""1"">Low maintenance formula does not absorb moisture like DOT fluids, delivering a high boil point and minimizing the frequency of system bleeds</li>
<li data-mce-fragment=""1"">Lubricates and conditions seals</li>
</ul>",Amped Bikes,,"Brakes, Sur-Ron Parts, Talaria Parts",TRUE,Title,Default Title,,,,,P0203S,0,,1,deny,manual,9.00,,,,,https://cdn.shopify.com/s/files/1/0628/4728/7545/files/MaximaBrakeOil.jpg?v=1689714194,,,,,,,,,,,,,,,,,,,,g,,,active
jagwire-disc-brake-pads,Jagwire Disc Brake Pads,"<meta charset=""utf-8"">
<p data-mce-fragment=""1"">Jagwire Disc Brake Pads (Sport Organic) (Shimano Deore XT/Saint). Jagwire Sport Organic pads feature an all-new resin compound. Mounted on a steel backing plate, this compound gives good power and modulation, while keeping noise to a minimum. Great for riders primarily riding in dry conditions.</p>
<p data-mce-fragment=""1"">Sold as one pair.</p>
<p data-mce-fragment=""1""><strong data-mce-fragment=""1"">Features:</strong></p>
<ul data-mce-fragment=""1"">
<li data-mce-fragment=""1"">Sport Organic pads are great for riders who ride in mostly dry conditions</li>
<li data-mce-fragment=""1"">Keeps noise to a minimum</li>
<li data-mce-fragment=""1"">Steel backing plate</li>
<li data-mce-fragment=""1"">All Jagwire pads are sold in pairs and include springs or clips when necessary</li>
</ul>
<p><strong>Pad Compatibility:</strong></p>
<p><meta charset=""utf-8""><span>Shimano Deore XT M8020, Saint M820/810, Zee M640, TRP Quadiem, G-Spec Quadiem, Slate T4, G-Spec Slate, Zurich, Tektro Orion 4-piston</span></p>",Amped Bikes,,"Brakes, Sur-Ron Parts, Talaria Parts",TRUE,Title,Default Title,,,,,P0202S,0,,1,deny,manual,13.00,,,,,https://cdn.shopify.com/s/files/1/0628/4728/7545/files/Untitleddesign-2023-07-11T101258.585.png?v=1689095991,,,,,,,,,,,,,,,,,,,,g,,,active
warp-drive,Warp Drive,"<meta charset=""utf-8"">
<p data-mce-fragment=""1"">If you're tired of Sur-Ron drive belts breaking try Warp 9’s version on a light bee chain drive conversion kit.</p>
<p class=""m_-2130385020619247021MsoListParagraph"" data-mce-fragment=""1"">Both the Motor and the jackshaft sprockets have Rubber Dampener rings Vulcanized to the sprockets.</p>
<p class=""m_-2130385020619247021MsoListParagraph"" data-mce-fragment=""1"">This design makes the inner plates of the Chain contact the rubber outer rings before the chains rollers fully seat in the bottom of the sprocket.</p>
<p class=""m_-2130385020619247021MsoListParagraph"" data-mce-fragment=""1"">The rubber rings also have a secondary effect of dampening the ringing effect of steel sprockets.</p>
<ul>
<li>Includes 2 dampened sprockets in EDM coated black steel</li>
<li class=""m_-2130385020619247021MsoListParagraph"">Final drive ratio is the same as OEM belt drive</li>
<li class=""m_-2130385020619247021MsoListParagraph"">Includes a KMC 420 O ring chain ( 42 links with master clip)</li>
<li class=""m_-2130385020619247021MsoListParagraph"">While louder than a belt drive this kit is 10-15 decibels quieter than other aftermarket 420 chain drive kits on the market.</li>
<li class=""m_-2130385020619247021MsoListParagraph""><a href=""https://www.warp9racing.com/surron-chain-drive-instructions/"">Install Instructions here</a></li>
</ul>",Warp9,,"Drivetrain, Sur-Ron Parts",TRUE,Title,Default Title,,,,,P0201S,907,,1,deny,manual,89.00,,,,,https://cdn.shopify.com/s/files/1/0628/4728/7545/files/Untitleddesign-2023-07-07T120556.246.png?v=1688757285,,,,,,,,,,,,,,,,,,,,g,,,active
heavy-duty-chain-breaker,Heavy Duty Chain Breaker,"<meta charset=""utf-8""><span data-mce-fragment=""1"">The Tusk Heavy Duty Chain Breaker is equipped with a durable heavy duty pin perfect for breaking any size chain within seconds. Compact design is perfect for taking on the trail, in your pack, or for your tool box.</span>
<ul data-mce-fragment=""1"">
<li data-mce-fragment=""1"">Heavy duty pin for breaking any size chain.</li>
<li data-mce-fragment=""1"">Breaks chains within seconds.</li>
<li data-mce-fragment=""1"">Compact design perfect for taking on the trail or for your tool box.</li>
</ul>",Amped Bikes,,"Sur-Ron Parts, Talaria Parts, Tools&Accessories",TRUE,Title,Default Title,,,,,P0200S,454,,1,deny,manual,12.00,,,,,https://cdn.shopify.com/s/files/1/0628/4728/7545/files/chainbreaker.jpg?v=1687990536,,,,,,,,,,,,,,,,,,,,g,,,active
trails-end-lite-tank-bag,Trails End Lite Tank Bag,"<meta charset=""utf-8"">
<div>From Nelson-Rigg, the Trails End Lite Tank Bag is an affordable bag that's an easy carry for your emoto bike. </div>
<ul>
<li><span>LIFETIME WARRANTY</span></li>
<li>
<span></span><span>Made with Industry leading UltraMax<sup>®</sup> fabric</span>
</li>
<li>
<span></span><span>Maximum UV protection against fading</span>
</li>
<li>
<span></span><span>Quick release straps for easy attachment</span>
</li>
<li>
<span></span><span>Contoured base fits most enduro motorcycles</span>
</li>
<li>
<span></span><span></span><span>Interior of bag is fully lined, holds its shape and has reflective piping</span>
</li>
<li>
<span></span><span>Protective base material prevents slipping</span>
</li>
<li>
<span></span><span>100% waterproof rain cover included</span>
</li>
<li>
<span></span><span>Clear map pocket is touch screen device friendly</span>
</li>
<li>
<span></span><span>Main compartment measures: 10.25”L x 6.5”W x 4”H</span>
</li>
<li><span>  Holds 4.4 Liters</span></li>
</ul>",Amped Bikes,,"Bag, Sur-Ron Parts, Talaria Parts",TRUE,Title,Default Title,,,,,12-12,454,,1,deny,manual,80.00,,,,,https://cdn.shopify.com/s/files/1/0628/4728/7545/files/Untitleddesign_97.png?v=1687363513,,,,,,,,,,,,,,,,,,,,g,,,active
tusk-olympus-tank-bag,Tusk Olympus Tank Bag,"<meta charset=""utf-8""><meta charset=""utf-8""><span data-mce-fragment=""1"">The Tusk Olympus Tank Bag is the ideal companion for your adventure or touring emoto rides. Tank bags are the perfect place to store the items you need the most frequent access to, and the Olympus Tank Bag serves this purpose with several features to keep your things organized, easily accessible, and conveniently stored. All of the small details that make a big difference are included in the Olympus Tank Bag. Available in two sizes, the small and large bags are identical except for their storage capacity and allow for the perfect setup for your adventure or touring needs. The small tank bag is ideal for smaller adventure and dual sport motorcycles while the large is ideal for the bigger adventure and touring bikes. That said, the large isn’t so big that it’s not useful for those smaller bikes as well. Both tank bags include a rain cover and all mounting straps with quick-release buckles to easily install your bag on your motorcycle.</span>
<ul data-mce-fragment=""1"">
<li data-mce-fragment=""1"">Quality tank bag built for Touring and Adventure riding.</li>
<li data-mce-fragment=""1"">Now featuring all new heavy duty YKK Zippers.</li>
<li data-mce-fragment=""1"">Clear top map or phone pocket build into the lid.</li>
<li data-mce-fragment=""1"">Charging cable port in the front of the main body of the bag and an internal port to run cables to the top phone pocket.</li>
<li data-mce-fragment=""1"">Elastic top chord for a secure place to keep gloves when parked.</li>
<li data-mce-fragment=""1"">Small outside loop to hold sunglasses to the bag when parked. *Removable inner bag divider.</li>
<li data-mce-fragment=""1"">Inner key hook.</li>
<li data-mce-fragment=""1"">One outer mesh pocket and 2 small inner mesh pockets (1 zipper, 1 Velcro) and multiple elastic loops inside of bag to keep items organized.</li>
<li data-mce-fragment=""1"">Durable construction and materials that feature Duraflex buckles, nylon, polyester, and TPU construction.</li>
<li data-mce-fragment=""1"">1680D construction</li>
<li data-mce-fragment=""1"">Textured material on bottom prevents sliding across the tank. *Easy-to-install rain cover included (stores neatly in tank bag when not in use).</li>
<li data-mce-fragment=""1"">Universal mounting.</li>
<li data-mce-fragment=""1"">Comfortable rubber carry handle.</li>
<li data-mce-fragment=""1"">Reflective Tusk logos on the sides for added visibility at night.</li>
<li data-mce-fragment=""1"">All mounting straps and buckles included.</li>
<li data-mce-fragment=""1"">Small bag - Width: 6.5"", Top Length: 10"", Bottom Length: 11"", Height: 7"" (6 Liters)</li>
</ul>
<br>",Amped Bikes,,"Bag, Sur-Ron Parts, Talaria Parts",TRUE,Color,Black/Grey,,,,,PB0196S,0,,1,deny,manual,75.00,100.00,,,,https://cdn.shopify.com/s/files/1/0628/4728/7545/files/Untitleddesign_91.png?v=1687283640,,,,,,,,,,,,,,,,,,,,g,,,active
tusk-olympus-tank-bag,,,,,,,Color,Black/Tan,,,,,PB0197S,0,,1,deny,manual,75.00,100.00,,,,https://cdn.shopify.com/s/files/1/0628/4728/7545/files/Untitleddesign_90.png?v=1687283639,,,,,,,,,,,,,,,,,,,,g,,,active
tire-levers,Tire Levers,"<meta charset=""utf-8"">
<div>Tire Lever kit from Warp9. Fits Sur-Ron</div>
<div>
<ul>
<li><span style=""font-family: -apple-system, BlinkMacSystemFont, 'San Francisco', 'Segoe UI', Roboto, 'Helvetica Neue', sans-serif; font-size: 0.875rem;"">Anodized Black Forged Aluminum </span></li>
<li><span style=""font-family: -apple-system, BlinkMacSystemFont, 'San Francisco', 'Segoe UI', Roboto, 'Helvetica Neue', sans-serif; font-size: 0.875rem;"">2 levers per kit</span></li>
<li><span style=""font-family: -apple-system, BlinkMacSystemFont, 'San Francisco', 'Segoe UI', Roboto, 'Helvetica Neue', sans-serif; font-size: 0.875rem;"">1st Lever is a tire spoon plus OEM Swingarm 4 tooth nut with a 13mm on the back side for shock and linkage nuts</span></li>
<li><span style=""font-family: -apple-system, BlinkMacSystemFont, 'San Francisco', 'Segoe UI', Roboto, 'Helvetica Neue', sans-serif; font-size: 0.875rem;"">2nd lever is tire spoon and 17mm for the Surron rear Axle nut</span></li>
<li><span style=""font-family: -apple-system, BlinkMacSystemFont, 'San Francisco', 'Segoe UI', Roboto, 'Helvetica Neue', sans-serif; font-size: 0.875rem;"">With these 2 levers and 2 allen wrenches (not included) you can change your Surron drive belt on the trail if needed, deal with flat tires or snug up a loose axle nut.</span></li>
</ul>
</div>",Warp9,,"Sur-Ron Parts, Talaria Parts, Tires & Tubes, Tools&Accessories",TRUE,Title,Default Title,,,,,P0195S,0,,1,deny,manual,33.75,45.00,,,,https://cdn.shopify.com/s/files/1/0628/4728/7545/files/Untitleddesign_88.png?v=1687282805,,,,,,,,,,,,,,,,,,,,g,,,active
sur-ron-titanium-axle-replacement-nut,Titanium Axle Replacement Nut,Replacement axle nut for Sur-Ron X Light Bee. Fits Talaria Sting as well.,Warp9,Axle Nut,"Sur-Ron Parts, Suspension, Talaria Parts",TRUE,Title,Default Title,,,,,P0194S,91,,1,deny,manual,21.00,,,,,https://cdn.shopify.com/s/files/1/0628/4728/7545/files/Untitleddesign_87.png?v=1687282347,,,,,,,,,,,,,,,,,,,,g,,,active
ext-ferro-e-mx-fork,EXT Ferro E-MX Fork,"<p><span data-mce-fragment=""1"">The EXT Ferro Fork is </span><span data-mce-fragment=""1"">an upside-down 36mm stanchions fork that fits the Sur-Ron and Talaria</span><br></p>
<p> Hard heat-treated chrome moly steel stanchions (Superfinish surface treatment), <span data-mce-fragment=""1"">7000 series aluminum construction upper legs and a 205mm travel design </span><span data-mce-fragment=""1"">with a dedicated triple clamp, make the core of the new 36mm USD fork,</span><br data-mce-fragment=""1""><span data-mce-fragment=""1"">developed for minimum friction and high stiffness.</span></p>
<p><span data-mce-fragment=""1"">Features:</span></p>
<ul>
<li>Robust dual crown inverted MX design (USD)</li>
<li>36mm Ø hard chromed steel stanchions (heat treated 42CrMo4) with Superfinish surface treatment</li>
<li>HS3 3- twin positive air system ¬+ 1 large negative self-balancing air chamber, allows for an optimum level of support through all the travel</li>
<li>High flow 3-way cartridge damper system with independent high &amp; low speed compression plus rebound damping adjustment.</li>
<li>Superfinish inner tube coating</li>
<li>External pressure air release system on both legs</li>
<li>Twin hexagonal floating axle, boost compatible ∅20mm</li>
<li>Air spring and cartridge radial guide system with bespoke aeronautical seals (minimize friction on</li>
<li>side loads)</li>
<li>Large piston design for best damping control and separate IFP/coil energized compression valve</li>
<li>No cavitation and low hysteresis</li>
<li>Self-hydraulic cartridge bleeding</li>
<li>Dedicated Mobile Sliding DU guiding system with super-long static overlap (for maximum guidance</li>
<li>and best torsional rigidity). (CGB Continuously Guided Bushing system, increase stiffness)</li>
<li>205 mm of travel and 44 mm offset</li>
<li>200 mm post mount brake</li>
<li>Weight 4000gr</li>
<li>Pressure release one-way valves on both legs</li>
<li>Compatible with stock fender design </li>
<li>Boost Hub Spacing for more flexibility with after market wheel sets.<span> </span><strong>NOTE: If you are running a stock wheel or a wheel that is not specifically designed for use with BOOST hubs you will need to install a rotor adaptor.</strong>
</li>
</ul>",Amped Bikes,Suspension,"Sur-Ron Parts, Suspension, Talaria Parts",TRUE,Title,Default Title,,,,,P0193S,3175,,1,deny,manual,2000.00,,,,,https://cdn.shopify.com/s/files/1/0628/4728/7545/files/Untitleddesign_83.png?v=1686951473,,,,,,,,,,,,,,,,,,,,g,,,active
ext-ferro-e-mx-fork,,,,,,,,,,,,,,,,,,,,,,,,https://cdn.shopify.com/s/files/1/0628/4728/7545/files/Untitleddesign_84.png?v=1686951473,,,,,,,,,,,,,,,,,,,,,,,
ext-ferro-e-mx-fork,,,,,,,,,,,,,,,,,,,,,,,,https://cdn.shopify.com/s/files/1/0628/4728/7545/files/Untitleddesign_85.png?v=1686951472,,,,,,,,,,,,,,,,,,,,,,,
pro-taper-a76-rise-handlebar,ProTaper A76 Rise Handlebar,"From Pro Taper, this 3"" Rise handlebar is an ideal upgrade for tall-riders. Use on the Sur-ron or Talaria.",Amped Bikes,Handlebar,"Handlebars & Controls, Sur-Ron Parts, Talaria Parts",TRUE,Title,Default Title,,,,,P0191S,0,,1,deny,manual,100.00,,,,,https://cdn.shopify.com/s/files/1/0628/4728/7545/files/silverbar.jpg?v=1687366673,,,,,,,,,,,,,,,,,,,,g,,,active
formula-nero-c-firm-black-27-5-fork,"Formula Nero C Firm Black 27.5"" Fork","<meta charset=""utf-8""><meta charset=""utf-8"">
<p data-mce-fragment=""1"">Nero C is a fork designed for those who love<span data-mce-fragment=""1""> </span><strong data-mce-fragment=""1"">the feeling of a coil spring</strong><span data-mce-fragment=""1""> </span>and want a fit-and-forget fork. The damper is identical to that used in the Nero R, incorporating high speed compression, low speed compression and rebound adjustment. </p>
<p data-mce-fragment=""1"">Instead of the 3Air system, the Nero C employs a coil spring with tool-free preload adjustment.This fork has a firm spring rate.</p>
<p data-mce-fragment=""1"">If you love to smash laps, ride more than 5000m of vertical in one day using the lift, if you love the feel of a coil spring but still want<span data-mce-fragment=""1""> </span><strong data-mce-fragment=""1"">the best in damping quality and adjustability</strong>, then the Nero C is the fork for you.</p>
<meta charset=""utf-8"">Available to use on the Sur-Ron or Talaria.<br>",Amped Bikes,Suspension,"Sur-Ron Parts, Suspension, Talaria Parts",TRUE,Title,Default Title,,,,,P0190S,3175,,1,deny,manual,960.00,,,,,https://cdn.shopify.com/s/files/1/0628/4728/7545/files/nero-c.jpg?v=1686941909,,,,,,,,,,,,,,,,,,,,g,,,active
copy-of-manitou-dorado-expert-27-5-fork,Manitou Dorado Comp 27.5'' Fork,"<meta charset=""utf-8""><span data-mce-fragment=""1"">Perfect on the Sur-ron or Talaria the all-new Dorado Comp boasts a 37mm chassis, mirroring its Expert counterpart, while embodying a ""set it and forget it"" mentality. Equipped with a reliable coil spring, it guarantees a consistently smooth ride, eliminating any hassle that may come your way. On the damping front, our ABS+ Damper delivers an impressive range of adjustments, ensuring optimal performance, exceptional dependability, and effortless maintenance. Built with simplicity in mind, the Dorado Comp is tailored for riders who prioritize pure riding pleasure and refuse to be bogged down by adjustments. Get ready to hit the trails without a worry, as the Dorado Comp handles all the small stuff for you.</span><br>",Amped Bikes,Suspension,"Sur-Ron Parts, Suspension, Talaria Parts",TRUE,Title,Default Title,,,,,P0188S,3175,,1,deny,manual,975.00,1300.00,,,,https://cdn.shopify.com/s/files/1/0628/4728/7545/files/Untitleddesign_82.png?v=1686941352,,,,,,,,,,,,,,,,,,,,g,,,active
fork-manitou-dorado-expert-27-5,Manitou Dorado Expert 27.5'' Fork,"<meta charset=""utf-8""><span data-mce-fragment=""1"">The Dorado is an extraordinary downhill fork <meta charset=""utf-8"">designed to elevate your riding experience to new heights. This fork can be used on the Sur-Ron and Talaria and is meticulously crafted with 7050 legs, an inverted design, dual-chamber air springs, and TPC+ damping featuring independent high and low-speed compression. With hydraulic bottom-out and top-out capabilities, as well as Manitou's patented HexLock 20mm thru-axle, The Dorado ensures unmatched control and stability on every descent. Brace yourself for the ultimate downhill adventure with The Dorado.</span>",Amped Bikes,Suspension,"Sur-Ron Parts, Suspension, Talaria Parts",TRUE,Title,Default Title,,,,,P0186S,3175,,1,deny,manual,1200.00,1600.00,,,,https://cdn.shopify.com/s/files/1/0628/4728/7545/files/forkmanitoudorado27.5.jpg?v=1686940294,,,,,,,,,,,,,,,,,,,,g,,,active
tusk-sidekick-tank-saddle-bag,Tusk Sidekick Tank Saddle Bag,"<meta charset=""utf-8"">
<div>
<meta charset=""utf-8"">
<span>The Tusk Sidekick Tank Saddle Bag is your go-to, easy-access companion for moto adventures. Built with heavy-duty materials and a semi-hard shell, these affordable bags provide reliable protection for your essentials. With universal fitment and a streamlined design, they effortlessly attach to almost any moto setup without adding bulk. Enjoy quick and convenient access to your items at any point during your adventure, ensuring a seamless riding experience. Embrace the freedom to explore confidently while keeping your belongings safe and within reach.</span>
</div>
<ul data-mce-fragment=""1"">
<li data-mce-fragment=""1"">Semi-hard quality tank saddle bags built for any motorcycle adventure.</li>
<li data-mce-fragment=""1"">Durable construction and materials that feature nylon shell and straps with TPU reinforcements.</li>
<li data-mce-fragment=""1"">Water-resistant zipper opening.</li>
<li data-mce-fragment=""1"">Reflective details.</li>
<li data-mce-fragment=""1"">Adjustable to fit almost any bike.</li>
<li data-mce-fragment=""1"">Comes with two bags &amp; attachment harness.</li>
<li data-mce-fragment=""1"">Easily installed.</li>
</ul>",Amped Bikes,Bag,"Bag, Sur-Ron Parts, Talaria Parts",TRUE,Title,Default Title,,,,,P0185S,907,,1,deny,manual,80.00,,,,,https://cdn.shopify.com/s/files/1/0628/4728/7545/files/Untitleddesign_80.png?v=1686759025,,,,,,,,,,,,,,,,,,,,g,,,active
tusk-sidekick-tank-saddle-bag,,,,,,,,,,,,,,,,,,,,,,,,https://cdn.shopify.com/s/files/1/0628/4728/7545/files/Untitleddesign_81.png?v=1686759024,,,,,,,,,,,,,,,,,,,,,,,
sur-ron-adjustable-footpeg-mount,Sur-Ron Adjustable Footpeg Mount,"<p><meta charset=""utf-8"">Fine Tune your footpeg height for comfortable rides and control on on your Sur-Ron.</p>
<p><br><strong>Features:</strong></p>
<ul>
<li>Adjustable 1” up or 1” down from stock height</li>
<li>Main body is machined from 7075 T6 billet Aluminum</li>
<li>Footpeg bracket is machined from high grade Chromoly steel.</li>
<li>Perfectly machined interlocking teeth for a no slop, no slip adjustable system</li>
<li>Includes a cross bar brace with side mount tapered stainless bolts</li>
<li>Works with OEM, Warp 9 and other foot pegs designed for the Surron</li>
</ul>",Warp9,foot pegs,"Foot Controls, Sur-Ron Parts",TRUE,Title,Default Title,,,,,P0184S,0,,1,deny,manual,189.00,,,,,https://cdn.shopify.com/s/files/1/0628/4728/7545/files/Untitleddesign_3.jpg?v=1686684884,,,,,,,,,,,,,,,,,,,,g,,,active
sur-ron-adjustable-footpeg-mount,,,,,,,,,,,,,,,,,,,,,,,,https://cdn.shopify.com/s/files/1/0628/4728/7545/files/Untitleddesign_79.png?v=1686684885,,,,,,,,,,,,,,,,,,,,,,,
freestone-ripa-helmet,Freestone Ripa Helmet,"<meta charset=""utf-8"">
<div class=""p-rich_text_section"" data-mce-fragment=""1""><meta charset=""utf-8""></div>
<p>From Fly Racing the Medium/Large Freestone Ripa Helmet features a Polycarbonate Shell for head protection, with plenty of ventilation to keep cool during long rides.</p>
<div class=""p-rich_text_section"" data-mce-fragment=""1"">
<b data-stringify-type=""bold"" data-mce-fragment=""1"">Features:</b><br data-mce-fragment=""1"">
</div>
<ul data-stringify-type=""unordered-list"" class=""p-rich_text_list p-rich_text_list__bullet"" data-indent=""0"" data-border=""0"" data-mce-fragment=""1"">
<li data-stringify-indent=""0"" data-stringify-border=""0"" data-mce-fragment=""1"">Polycarbonate Shell</li>
<li data-stringify-indent=""0"" data-stringify-border=""0"" data-mce-fragment=""1"">ConeHead™ Technology</li>
<li data-stringify-indent=""0"" data-stringify-border=""0"" data-mce-fragment=""1"">Deep rear EPS profile offers extensive coverage</li>
<li data-stringify-indent=""0"" data-stringify-border=""0"" data-mce-fragment=""1"">True Functional Ventilation (TFV)</li>
<li data-stringify-indent=""0"" data-stringify-border=""0"" data-mce-fragment=""1"">19 vents</li>
<li data-stringify-indent=""0"" data-stringify-border=""0"" data-mce-fragment=""1"">Lightweight at 317.5 grams for a Med/Large Helmet</li>
<li data-stringify-indent=""0"" data-stringify-border=""0"" data-mce-fragment=""1"">Ventilated comfort liner with built in bug screen</li>
<li data-stringify-indent=""0"" data-stringify-border=""0"" data-mce-fragment=""1"">Adjustable moto inspired visor</li>
<li data-stringify-indent=""0"" data-stringify-border=""0"" data-mce-fragment=""1"">One hand dial fit adjustment, dial fit on the fly</li>
<li data-stringify-indent=""0"" data-stringify-border=""0"" data-mce-fragment=""1"">Quick adjust chin/cheek strap</li>
<li data-stringify-indent=""0"" data-stringify-border=""0"" data-mce-fragment=""1"">Cushy EVA impact foam on sides and back for comfort and protection.</li>
<li data-stringify-indent=""0"" data-stringify-border=""0"" data-mce-fragment=""1"">6 piece shell construction for a unique style and bold look.</li>
<li data-stringify-indent=""0"" data-stringify-border=""0"" data-mce-fragment=""1"">Safety compliance: EN1078-1997 +A1-2005 standards</li>
<li data-stringify-indent=""0"" data-stringify-border=""0"" data-mce-fragment=""1"">Removable and washable liner</li>
</ul>
<p> </p>",Amped Bikes,Helmet,"Helmet, Sur-Ron Parts, Talaria Parts",TRUE,Title,Default Title,,,,,P0182S,907,,1,deny,manual,60.00,85.00,,,,https://cdn.shopify.com/s/files/1/0628/4728/7545/files/fresstoneripa.jpg?v=1686413127,,,,,,,,,,,,,,,,,,,,g,,,active
freestone-ripa-helmet,,,,,,,,,,,,,,,,,,,,,,,,https://cdn.shopify.com/s/files/1/0628/4728/7545/files/freestonerip.jpg?v=1686413127,,,,,,,,,,,,,,,,,,,,,,,
freestone-ripa-helmet,,,,,,,,,,,,,,,,,,,,,,,,https://cdn.shopify.com/s/files/1/0628/4728/7545/files/freestoneripa.jpg?v=1686413127,,,,,,,,,,,,,,,,,,,,,,,
off-road-chain,Off-Road Chain 420-120,"<p>420-120 link Off-Road Moto Chain From Fly Racing.</p>
<p>Features:</p>
<p><meta charset=""utf-8""><span data-mce-fragment=""1"">Solid rollers and anti-kink bushings</span><br data-mce-fragment=""1""><br data-mce-fragment=""1""><span data-mce-fragment=""1"">Precision tolerance for perfect balance in every link</span><br data-mce-fragment=""1""><br data-mce-fragment=""1""><span data-mce-fragment=""1"">Gold finish helps prevent corrosion</span><br data-mce-fragment=""1""><br data-mce-fragment=""1""><span data-mce-fragment=""1"">Quad stake riveted pins (428/520)</span><br data-mce-fragment=""1""><br data-mce-fragment=""1""><span data-mce-fragment=""1"">Pre-stretched, includes clip style master link</span></p>
<p><span data-mce-fragment=""1"">Check out the recommended links for your sprocket:</span></p>
<table width=""100%"">
<tbody>
<tr>
<td>
<p> Sprocket Size</p>
</td>
<td>
<p>Chain Size</p>
</td>
</tr>
<tr>
<td>
<p>42 Tooth</p>
</td>
<td>
<p>104 Link</p>
</td>
</tr>
<tr>
<td>48 Tooth (OEM Size)</td>
<td>106 Link</td>
</tr>
<tr>
<td>52 Tooth</td>
<td>108 Link</td>
</tr>
<tr>
<td>54 Tooth</td>
<td>110 Link</td>
</tr>
<tr>
<td>56 Tooth</td>
<td>112 Link</td>
</tr>
<tr>
<td>58 Tooth</td>
<td>112 link</td>
</tr>
<tr>
<td>60 Tooth</td>
<td>114 link</td>
</tr>
<tr>
<td>64 Tooth</td>
<td>116 link</td>
</tr>
</tbody>
</table>",Amped Bikes,Chain,"Drivetrain, Sur-Ron Parts, Talaria Parts",TRUE,Title,Default Title,,,,,P0181S,454,,0,deny,manual,57.00,,,,,https://cdn.shopify.com/s/files/1/0628/4728/7545/files/chain.jpg?v=1686353440,,,,,,,,,,,,,,,,,,,,g,,,active
stem-lock,Stem Lock,"<p>Stem Lock For Sur-Ron and Talaria Sting</p>
<p>The kit features a threaded rod that runs the full length of the steering tube bolt compressing the lower triple clamp to the upper triple clamp keeping your head bearings tight. The lower machined retaining nut has 2.5mm threads to allow a fender mount. It also includes 4 black steering tube height spacers in 20mm, 15mm, 5mm, 3mm sizes</p>",Warp9,,"Sur-Ron Parts, Suspension, Talaria Parts",TRUE,Color,Black,,,,,P0179S,454,,1,deny,manual,39.00,,,,,https://cdn.shopify.com/s/files/1/0628/4728/7545/files/stemlock.png?v=1686261016,,,,,,,,,,,,,,,,,,,https://cdn.shopify.com/s/files/1/0628/4728/7545/files/stemlock.png?v=1686261016,g,,,active
stem-lock,,,,,,,Color,Magnesium,,,,,P0179S-2,454,,1,deny,manual,39.00,,,,,https://cdn.shopify.com/s/files/1/0628/4728/7545/files/Untitleddesign-2023-10-19T114735.057.png?v=1697741283,,,,,,,,,,,,,,,,,,,https://cdn.shopify.com/s/files/1/0628/4728/7545/files/Untitleddesign-2023-10-19T114735.057.png?v=1697741283,g,,,active
mx-folding-stand,MX Folding Stand,"Easy to fold stand for full size bikes. Features:<meta charset=""utf-8"">
<ul data-mce-fragment=""1"">
<li data-mce-fragment=""1"">Top plate has two rubber coated pipes to prevent damage on the bike</li>
<li data-mce-fragment=""1"">Easy to carry and store</li>
<li data-mce-fragment=""1"">Works in various situations such as in the garage or paddock</li>
</ul>
<p><span style=""font-size: 0.875rem;""><strong><span style=""font-family: -apple-system, BlinkMacSystemFont, 'San Francisco', 'Segoe UI', Roboto, 'Helvetica Neue', sans-serif;"">Size :</span></strong></span></p>
<p><span style=""font-family: -apple-system, BlinkMacSystemFont, 'San Francisco', 'Segoe UI', Roboto, 'Helvetica Neue', sans-serif; font-size: 0.875rem;""> W355 x D365 x H420 (mm)- Weight : 3.2 kg</span></p>
<p>Top square size : 120 x 250 (mm)<br></p>",Amped Bikes,Bike Stand,"Sur-Ron Parts, Talaria Parts, Tools&Accessories",TRUE,Title,Default Title,,,,,P0178S,3221,,1,deny,manual,49.00,,,,,https://cdn.shopify.com/s/files/1/0628/4728/7545/files/foldingstandfolded.jpg?v=1686070813,,,,,,,,,,,,,,,,,,,,g,,,active
mx-folding-stand,,,,,,,,,,,,,,,,,,,,,,,,https://cdn.shopify.com/s/files/1/0628/4728/7545/files/foldingstand.jpg?v=1686070813,,,,,,,,,,,,,,,,,,,,,,,
fork-pump,Fork Pump,"<p>The Racingbros Hurricane Digital Suspension Pump is tailored suspension systems making it ideal for off-road enthusiasts. The digital display makes it easy to monitor readouts and adjust pressure accordingly.</p>
<p>Features:</p>
<ul>
<li>
<strong>Digital Pressure read-out</strong><br>
</li>
<li><span><strong>80 second auto shut-off</strong></span></li>
<li><span><strong>Uses easy to find CR2032 3V battery with battery included.</strong></span></li>
<li><span><strong>Schrader valve</strong></span></li>
<li><span><strong>Digital 300psi / 20bar gauge</strong></span></li>
</ul>",Amped Bikes,Suspension,"Sur-Ron Parts, Talaria Parts, Tools&Accessories",TRUE,Title,Default Title,,,,,P0177S,0,,1,deny,manual,70.00,,,,,https://cdn.shopify.com/s/files/1/0628/4728/7545/files/Untitleddesign-2023-10-24T110459.093.png?v=1698170724,,,,,,,,,,,,,,,,,,,,g,,,active
gear-oil,Gear Oil,"<meta charset=""utf-8""><span>Mineral based gear oil that protects transmissions in stop-and-go city driving or rugged conditions. Ensures hardware protection and smooth shifting during full throttle accelerations.</span>",Amped Bikes,Sprays & Lubricants,"Sur-Ron Parts, Talaria Parts, Tools&Accessories",TRUE,Title,Default Title,,,,,P0176S,454,,1,deny,manual,7.00,,,,,https://cdn.shopify.com/s/files/1/0628/4728/7545/files/scootergearoil.png?v=1684872875,,,,,,,,,,,,,,,,,,,,g,,,active
sur-ron-x260-axle-bushing,Axle Bushing,<p>Replacement Axle Bushing for Front Hub of the Sur-Ron X (fits Talaria Sting as well). Composed of aluminum alloy. This bushing is sold individually.</p>,Amped Bikes,Axle Bushing,"Sur-Ron Parts, Suspension, Talaria Parts",TRUE,Title,Default Title,,,,,P0175S,0,,1,deny,manual,5.00,,,,,https://cdn.shopify.com/s/files/1/0628/4728/7545/files/Untitleddesign_65_1564a224-5185-4e60-a527-efd78353a08c.png?v=1684512837,,,,,,,,,,,,,,,,,,,,g,,,active
sur-ron-x260-axle-bushing,,,,,,,,,,,,,,,,,,,,,,,,https://cdn.shopify.com/s/files/1/0628/4728/7545/files/Untitleddesign_64.png?v=1684512837,,,,,,,,,,,,,,,,,,,,,,,
sur-ron-fast-charger,Sur-Ron Fast Charger,"<meta charset=""utf-8""><span>60v 15a fast charger For Sur-Ron Light Bee X. <meta charset=""utf-8"">Only works for the 60v Battery.</span>",Amped Bikes,Battery Charger,"Lights&Electrical, Sur-Ron Parts",TRUE,Title,Default Title,,,,,P0174S,1361,,0,deny,manual,249.00,,,,,https://cdn.shopify.com/s/files/1/0628/4728/7545/files/FastCharger.png?v=1683923459,,,,,,,,,,,,,,,,,,,,g,,,active
sur-ron-stock-footpegs,Sur-Ron Stock Footpegs,"<p>OEM Replacement Footpegs for Sur-Ron X. Includes bolt for installation.</p>
<p>Left (Kickstand) and Right pegs sold separately.</p>",Amped Bikes,foot pegs,"Foot Controls, Sur-Ron Parts",TRUE,Style,Left (Kickstand),,,,,PL0172S,0,,1,deny,manual,30.00,,,,,https://cdn.shopify.com/s/files/1/0628/4728/7545/files/StockLeft.png?v=1683667327,,,,,,,,,,,,,,,,,,,,g,,,active
sur-ron-stock-footpegs,,,,,,,Style,Right,,,,,PR0173S,0,,1,deny,manual,30.00,,,,,https://cdn.shopify.com/s/files/1/0628/4728/7545/files/Untitleddesign_74.png?v=1683667326,,,,,,,,,,,,,,,,,,,,g,,,active
sur-ron-bashguard,Sur-Ron Bashguard,Replacement OEM Bashguard For Sur-Ron X.,Amped Bikes,Bashguard,"Frame&Body, Sur-Ron Parts",TRUE,Title,Default Title,,,,,P0171S,0,,0,deny,manual,50.00,,,,,https://cdn.shopify.com/s/files/1/0628/4728/7545/files/Untitleddesign_70.png?v=1683665202,,,,,,,,,,,,,,,,,,,,g,,,active
oxbow-handlebar-light-mount,Oxbow Handlebar Light Mount,"Light Mount From Oxbow that allows for 360 degrees of rotation. <meta charset=""utf-8""><span data-mce-fragment=""1"">Fits handlebars 25mm-30mm.</span>",Amped Bikes,Mount,"Sur-Ron Parts, Talaria Parts",TRUE,Title,Default Title,,,,,P0170S,227,,1,deny,manual,20.00,,,,,https://cdn.shopify.com/s/files/1/0628/4728/7545/files/oxbowhandlebarmount.jpg?v=1683651186,,,,,,,,,,,,,,,,,,,,g,,,active
sur-ron-stubby-fender,Sur-Ron Stubby Fender,Rear replacement fender that mounts on the rear swing arm.,Amped Bikes,Fender,"Frame&Body, OEM, Sur-Ron Parts",TRUE,Title,Default Title,,,,,P0169S,0,,1,deny,manual,20.00,,,,,https://cdn.shopify.com/s/files/1/0628/4728/7545/files/stubfender.png?v=1683217863,,,,,,,,,,,,,,,,,,,,g,,,active
thrill-seekers-x-amped-seat-cover,Thrill Seekers x Amped Seat Cover,"<p>We've partnered to with Thrill Seekers to upgrade your Sur-Ron or Talaria seats with more comfort, grip, and style. This quality grip cover comes in either a checkered or grey colorway. We have a limited supply of ready-to-go seats installed, or you can purchase the seat cover and do the installation yourself.</p>
<p>Note seat cover alone does not include <span data-mce-fragment=""1"">Seat foam &amp; base.</span></p>",Amped Bikes,,"Seats, Sur-Ron Parts, Talaria Parts",TRUE,Style,Sur-Ron,Color,Checkered,Seat Assembly,Seat Cover Only,PSCS0155S,0,,0,deny,manual,75.00,,,,,https://cdn.shopify.com/s/files/1/0628/4728/7545/files/Seat-1_Top_1080x_03994267-5116-4458-bc08-11106dd59119.jpg?v=1683062441,,,,,,,,,,,,,,,,,,,,g,,,active
thrill-seekers-x-amped-seat-cover,,,,,,,Style,Sur-Ron,Color,Checkered,Seat Assembly,Seat Cover Installed,PSCC0156S,0,,0,deny,manual,185.00,,,,,https://cdn.shopify.com/s/files/1/0628/4728/7545/files/Seat_1_Detail_1080.jpg?v=1683062441,,,,,,,,,,,,,,,,,,,,g,,,active
thrill-seekers-x-amped-seat-cover,,,,,,,Style,Sur-Ron,Color,Grey,Seat Assembly,Seat Cover Only,PSGS0157S,0,,1,deny,manual,75.00,,,,,https://cdn.shopify.com/s/files/1/0628/4728/7545/files/Seat_1_Side_1080.jpg?v=1683062441,,,,,,,,,,,,,,,,,,,,g,,,active
thrill-seekers-x-amped-seat-cover,,,,,,,Style,Sur-Ron,Color,Grey,Seat Assembly,Seat Cover Installed,PSGC0158S,0,,1,deny,manual,185.00,,,,,https://cdn.shopify.com/s/files/1/0628/4728/7545/files/Seat_2_Top_1080.jpg?v=1683062441,,,,,,,,,,,,,,,,,,,,g,,,active
thrill-seekers-x-amped-seat-cover,,,,,,,Style,Talaria,Color,Checkered,Seat Assembly,Seat Cover Only,PTCS0159S,0,,0,deny,manual,75.00,,,,,https://cdn.shopify.com/s/files/1/0628/4728/7545/files/Seat_2_Detail_1080.jpg?v=1683062441,,,,,,,,,,,,,,,,,,,,g,,,active
thrill-seekers-x-amped-seat-cover,,,,,,,Style,Talaria,Color,Checkered,Seat Assembly,Seat Cover Installed,PTCC0160S,0,,0,deny,manual,185.00,,,,,https://cdn.shopify.com/s/files/1/0628/4728/7545/files/Seat_2_Side_1080.jpg?v=1683062441,,,,,,,,,,,,,,,,,,,,g,,,active
thrill-seekers-x-amped-seat-cover,,,,,,,Style,Talaria,Color,Grey,Seat Assembly,Seat Cover Only,PTGS0161S,0,,1,deny,manual,75.00,,,,,,,,,,,,,,,,,,,,,,,,,g,,,active
thrill-seekers-x-amped-seat-cover,,,,,,,Style,Talaria,Color,Grey,Seat Assembly,Seat Cover Installed,PTGC0162S,0,,0,deny,manual,185.00,,,,,,,,,,,,,,,,,,,,,,,,,g,,,active
brake-lever,Brake Lever,"<p>Replacement Brake Lever Set from Warp9. Machined out of 6117 aluminum for an ideal fit. Fits Sur-Ron X, and Talaria MX3.</p>
<div>• Sold in pair</div>
<div>• Includes new stainless set screws</div>",Amped Bikes,,"Brakes, Handlebars & Controls, Sur-Ron Parts, Talaria Parts",TRUE,Color,Black,,,,,PB0154S,0,,1,deny,manual,45.00,,,,,https://cdn.shopify.com/s/files/1/0628/4728/7545/files/Untitleddesign_6.jpg?v=1687897646,,,,,,,,,,,,,,,,,,,https://cdn.shopify.com/s/files/1/0628/4728/7545/files/Untitleddesign_6.jpg?v=1687897646,g,,,active
brake-lever,,,,,,,Color,Blue,,,,,PB0153S,0,,0,deny,manual,45.00,,,,,https://cdn.shopify.com/s/files/1/0628/4728/7545/files/Untitleddesign_68.png?v=1687897646,,,,,,,,,,,,,,,,,,,https://cdn.shopify.com/s/files/1/0628/4728/7545/files/Untitleddesign_68.png?v=1687897646,g,,,active
brake-lever,,,,,,,Color,Gold,,,,,PG0154S,0,,0,deny,manual,45.00,,,,,https://cdn.shopify.com/s/files/1/0628/4728/7545/files/Untitleddesign_67.png?v=1687897646,,,,,,,,,,,,,,,,,,,https://cdn.shopify.com/s/files/1/0628/4728/7545/files/Untitleddesign_67.png?v=1687897646,g,,,active
mellow-grip-donut,Mellow Grip + Donut,"<p>From SCOTT this grip features</p>
<ul class=""key-features"">
<li>Double density grip</li>
<li>Vario Blok design</li>
<li>w/ Grip donuts included</li>
</ul>
<p>Available in Black/Grey</p>",Amped Bikes,,"Handlebars & Controls, Sur-Ron Parts, Talaria Parts",TRUE,Title,Default Title,,,,,P0150S,454,,1,deny,manual,13.00,,,,,https://cdn.shopify.com/s/files/1/0628/4728/7545/files/ScottMellow_DonutGrip.png?v=1683046870,,,,,,,,,,,,,,,,,,,,g,,,active
bar-bags,Bar Bag 9000,"<p>Carry your essentials in the handmade Bar Bag 9000 from Thrill Seekers. Featuring  velcro loops, they're easy to attach to almost any e-bike handlebar. So you can ride in style with your phone, keys, and wallet securely fastened. </p>
<p>Dimensions: 7.5""x4.5""</p>
<p>Style: Fatbar Handlebars -  <meta charset=""utf-8""><span data-mce-fragment=""1"">2 long velcro straps to wrap around handlebars without a crossbar.</span></p>
<p>Handmade in San Diego</p>",Thrill Seekers,,"Bag, Sur-Ron Parts, Talaria Parts",TRUE,Color,Checkered,,,,,PC0124S,454,,0,deny,manual,40.00,,,,,https://cdn.shopify.com/s/files/1/0628/4728/7545/files/Untitleddesign_56.png?v=1682693979,,,,,,,,,,,,,,,,,,,https://cdn.shopify.com/s/files/1/0628/4728/7545/files/Untitleddesign_56.png?v=1682693979,g,,,active
bar-bags,,,,,,,Color,Black,,,,,PB0125S,454,,0,deny,manual,40.00,,,,,https://cdn.shopify.com/s/files/1/0628/4728/7545/files/Untitleddesign_57.png?v=1682693979,,,,,,,,,,,,,,,,,,,https://cdn.shopify.com/s/files/1/0628/4728/7545/files/Untitleddesign_58.png?v=1682693979,g,,,active
bar-bags,,,,,,,Color,Olive,,,,,PO0247S,454,,1,deny,manual,40.00,,,,,https://cdn.shopify.com/s/files/1/0628/4728/7545/files/Untitleddesign_58.png?v=1682693979,,,,,,,,,,,,,,,,,,,https://cdn.shopify.com/s/files/1/0628/4728/7545/files/Untitleddesign-2023-09-15T130439.463.png?v=1694808263,g,,,active
bar-bags,,,,,,,Color,Tan,,,,,PT0248S,454,,1,deny,manual,40.00,,,,,https://cdn.shopify.com/s/files/1/0628/4728/7545/files/Untitleddesign_59.png?v=1682693979,,,,,,,,,,,,,,,,,,,https://cdn.shopify.com/s/files/1/0628/4728/7545/files/Untitleddesign-2023-09-15T130827.070.png?v=1694808545,g,,,active
bar-bags,,,,,,,Color,Aloha,,,,,PA0249S,454,,1,deny,manual,40.00,,,,,https://cdn.shopify.com/s/files/1/0628/4728/7545/files/Untitleddesign-2023-09-15T130439.463.png?v=1694808263,,,,,,,,,,,,,,,,,,,https://cdn.shopify.com/s/files/1/0628/4728/7545/files/Untitleddesign-2023-09-15T131110.267.png?v=1694808638,g,,,active
bar-bags,,,,,,,,,,,,,,,,,,,,,,,,https://cdn.shopify.com/s/files/1/0628/4728/7545/files/Untitleddesign-2023-09-15T130827.070.png?v=1694808545,,,,,,,,,,,,,,,,,,,,,,,
bar-bags,,,,,,,,,,,,,,,,,,,,,,,,https://cdn.shopify.com/s/files/1/0628/4728/7545/files/Untitleddesign-2023-09-15T131110.267.png?v=1694808638,,,,,,,,,,,,,,,,,,,,,,,
sur-ron-60v-charger,Sur-Ron 60v Charger,"<p>Stock replacement charger for Sur-Ron Light Bee X. Only works for the 60v Battery.</p>
<p><meta charset=""utf-8""><span>Input: 110VAC </span><br><span>Max DC output Voltage: 67.2 (16S)</span><br><span>Max current output: 10 amps</span></p>
<p> </p>",Amped Bikes,,"Lights&Electrical, OEM, Sur-Ron Parts",TRUE,Title,Default Title,,,,,P0123S,0,,0,deny,manual,125.00,,,,,https://cdn.shopify.com/s/files/1/0628/4728/7545/files/60vSurRonCharger.png?v=1682628431,,,,,,,,,,,,,,,,,,,,g,,,active
chain-brush,Chain Brush,"<meta charset=""utf-8"">
<ul>The Tusk Chain Brush is a durable brush for cleaning your chain ensuring a prolonged life and smooth operation of your drive system. The brush features a 3-sided brush for cleaning the chain as well as a long 2"" brush for getting into tight areas around sprockets and chain guides.</ul>
<ul>
<li>Aggressive, 3-sided Nylon brushes clean side plates and rollers quickly.</li>
<li>Long 2"" brush on the handle end to clean tight areas around sprockets and guides.</li>
<li>Quality nylon bristles and plastic handle for long tool life.</li>
<li>Regular chain and sprocket cleaning prevents premature wear and assures smooth operation of the drive train.</li>
</ul>",Amped Bikes,,"Sur-Ron Parts, Talaria Parts, Tools&Accessories",TRUE,Title,Default Title,,,,,P0122S,227,,1,deny,manual,5.00,,,,,https://cdn.shopify.com/s/files/1/0628/4728/7545/files/ChainBrush.jpg?v=1682626402,,,,,,,,,,,,,,,,,,,,g,,,active
subframe-riser-kit,Subframe Riser Kit,"<p>Subframe riser kit for Sur-Rons from Warp 9. Raises the seat by 2.5"" and moves it back by 1.5"". Includes all necessary mounting hardware and installation tools. </p>",Warp9,,"Frame&Body, Seats, Sur-Ron Parts",TRUE,Title,Default Title,,,,,P0119S,2268,,1,deny,manual,135.00,,,,,https://cdn.shopify.com/s/files/1/0628/4728/7545/files/SubframeRiserKit.png?v=1682446210,,,,,,,,,,,,,,,,,,,,g,,,active
sur-ron-foot-pegs-1,Sur-Ron Foot Pegs,"<meta charset=""UTF-8"">
<ul id=""ext-gen71"" data-mce-fragment=""1"">
<li data-mce-fragment=""1"">From Warp9 Upgraded Footpegs Specifically For Sur-Ron</li>
<li data-mce-fragment=""1"">Light Weight 7075T6 Forged Aluminum</li>
<li data-mce-fragment=""1"">Extra Wide platform</li>
<li data-mce-fragment=""1"">Exclusive “Y” bridge adds 4 center teeth for added grip</li>
<li data-mce-fragment=""1"">Footpeg Platform Size is 57mm Wide and 87mm long</li>
<li data-mce-fragment=""1"">Permanent Stainless steel teeth</li>
<li data-mce-fragment=""1"">Uses the OEM spring and pin</li>
<li data-mce-fragment=""1"">Works with Warp 9 super moto peg sliders</li>
<li data-mce-fragment=""1"">Lifetime Warranty, Break or Crack them and get new ones for free</li>
</ul>",Warp9,,"Foot Controls, Sur-Ron Parts",TRUE,Title,Default Title,,,,,P0117S,454,,1,deny,manual,100.00,,,,,https://cdn.shopify.com/s/files/1/0628/4728/7545/products/Footpegs_6de5da6d-65de-4673-88b6-356db7a5eeaa.jpg?v=1681925554,,,,,,,,,,,,,,,,,,,,g,,,active
sur-ron-foot-pegs-1,,,,,,,,,,,,,,,,,,,,,,,,https://cdn.shopify.com/s/files/1/0628/4728/7545/products/Sur-RonFootPeg.png?v=1681925964,,,,,,,,,,,,,,,,,,,,,,,
supra-pro-high-amperage-connector,Supra Pro High Amperage Connector,"From RC Pro Plus, the Supra Pro High Amperage Connectors are gold plated and known for their ability to take high amps. Ideal for the Talaria Sting and Sur-Ron X, these connectors will lock into place thanks to their banana plug lock design and remain secure. Their plastic shell will also keep you from crossing connections, protecting your hands and your battery.",Amped Bikes,,"Lights&Electrical, Sur-Ron Parts, Talaria Parts",TRUE,Title,Default Title,,,,,P0115S,454,,0,deny,manual,10.00,,,,,https://cdn.shopify.com/s/files/1/0628/4728/7545/products/SupraProHighAmperageConnectorSet.png?v=1681416351,,,,,,,,,,,,,,,,,,,,g,,,active
supra-pro-high-amperage-connector,,,,,,,,,,,,,,,,,,,,,,,,https://cdn.shopify.com/s/files/1/0628/4728/7545/products/SupraProHighAmperageConnectorview.png?v=1681416352,,,,,,,,,,,,,,,,,,,,,,,
kool-stop-brake-pads,Kool Stop Brake Pads,"<meta charset=""utf-8""><span>Kool Stop's brake pads work with stock Sur-Ron calipers. These brake pads feature a ceramic coating and steel backing for e-bikes to give you lasting stopping power.</span>",Amped Bikes,Brake,"Brakes, Sur-Ron Parts, Talaria Parts",TRUE,Title,Default Title,,,,,P0114S,113,,0,deny,manual,20.00,,,,,https://cdn.shopify.com/s/files/1/0628/4728/7545/products/KoolStopBrakePads.png?v=1681342494,,,,,,,,,,,,,,,,,,,,g,,,active
sur-ron-complete-e-brake-assembly,Sur-Ron Complete E-brake Assembly,Original OEM E-brake assembly with caliper. Front and rear assembly sold separately.,Amped Bikes,Brake,"Brakes, OEM, Sur-Ron Parts",TRUE,Style,Front,,,,,PF0112S,0,,1,deny,manual,130.00,,,,,https://cdn.shopify.com/s/files/1/0628/4728/7545/products/BrakeAssembly.png?v=1681341823,,,,,,,,,,,,,,,,,,,,g,,,active
sur-ron-complete-e-brake-assembly,,,,,,,Style,Rear,,,,,PR0113S,0,,1,deny,manual,130.00,,,,,,,,,,,,,,,,,,,,,,,,,g,,,active
sur-ron-rotor,Sur-Ron Rotor,OEM Replacement Rotors For Sur-Ron X.,Amped Bikes,,"OEM, Sur-Ron Parts, Wheels&Tires",TRUE,Style,Front,,,,,PF0105S,0,,0,deny,manual,25.00,,,,,https://cdn.shopify.com/s/files/1/0628/4728/7545/products/FrontRotor.png?v=1680023938,,,,,,,,,,,,,,,,,,,https://cdn.shopify.com/s/files/1/0628/4728/7545/products/FrontRotor.png?v=1680023938,g,,,active
sur-ron-rotor,,,,,,,Style,Rear,,,,,PR0106S,0,,0,deny,manual,35.00,,,,,https://cdn.shopify.com/s/files/1/0628/4728/7545/products/RearRotor.png?v=1680023938,,,,,,,,,,,,,,,,,,,https://cdn.shopify.com/s/files/1/0628/4728/7545/products/RearRotor.png?v=1680023938,g,,,active
sur-ron-brake-pads,Sur-Ron Brake Pads,"<meta charset=""utf-8""><span>Replacement upgraded brake pads for the Sur-Ron Light Bee</span><span>. Offers quieter braking then the original stock brake pads.</span>",Amped Bikes,Brake,"Brakes, Sur-Ron Parts",TRUE,Title,Default Title,,,,,P0104S,0,,0,deny,manual,15.00,,,,,https://cdn.shopify.com/s/files/1/0628/4728/7545/products/Sur-RonBrakePads.png?v=1679964456,,,,,,,,,,,,,,,,,,,,g,,,active
bar-mount,Handlebar Mount,"<p><meta charset=""utf-8"">Warp 9 handlebar mount for the Sur-Ron and Talaria.</p>",Amped Bikes,,"Handlebars & Controls, Sur-Ron Parts, Talaria Parts",TRUE,Color,Black,,,,,PB0102S,680,,1,deny,manual,100.00,,,,,https://cdn.shopify.com/s/files/1/0628/4728/7545/products/handlebarmount.png?v=1679963894,,,,,,,,,,,,,,,,,,,https://cdn.shopify.com/s/files/1/0628/4728/7545/products/handlebarmount.png?v=1679963894,g,,,active
bar-mount,,,,,,,Color,Gold,,,,,PG0103S,680,,1,deny,manual,100.00,,,,,https://cdn.shopify.com/s/files/1/0628/4728/7545/products/GoldHandlebarMount.png?v=1681330073,,,,,,,,,,,,,,,,,,,https://cdn.shopify.com/s/files/1/0628/4728/7545/products/GoldHandlebarMount.png?v=1681330073,g,,,active
sur-ron-replacement-jackshaft,Sur-Ron Replacement Jackshaft,"<meta charset=""utf-8"">
<section data-product-id=""1917"" data-product-title=""Sur-Ron Replacement Jackshaft"" data-product-container="""" class=""product-details
    product-block
    section
      product-single
    cart-icon
    product-description-last"">
<div class=""container"">
<div class=""product-details-column"">
<div class=""product-description"">
<p>Official OEM Replacement Jackshaft for the Sur-Ron X and MX. </p>
</div>
<div data-product-alerts="""" class=""product-message-area""><br></div>
</div>
</div>
</section>
<div data-content-region=""product_below_content""><br></div>
<div data-name=""Sur-Ron Replacement Jackshaft"" data-product-sku=""1917"" class=""trustspot trustspot-main-widget"">
<div data-reviews-count=""10"" class="""" id=""trustspot-widget-wrapper""><header>
<div class=""review""></div>
</header></div>
</div>",Amped Bikes,,"Drivetrain, OEM, Sur-Ron Parts",TRUE,Title,Default Title,,,,,P0101S,907,,0,deny,manual,50.00,,,,,https://cdn.shopify.com/s/files/1/0628/4728/7545/products/Untitleddesign_50.png?v=1678297996,,,,,,,,,,,,,,,,,,,,g,,,active
sur-ron-light-bee-pulley,Sur-Ron Light Bee Pulley,,Amped Bikes,,"OEM, Sur-Ron Parts",TRUE,Title,Default Title,,,,,P0100S,91,,0,deny,manual,45.00,,,,,https://cdn.shopify.com/s/files/1/0628/4728/7545/products/BeltPulley.png?v=1678297575,,,,,,,,,,,,,,,,,,,,g,,,active
rayce-helmet,Rayce Helmet,"From Fly Racing this lightweight helmet has a <span data-mce-fragment=""1""><span data-mce-fragment=""1"">ton of airflow for rides on hot days, and a certified EPS foam liner to protect you while riding.<br><meta charset=""utf-8""></span></span>
<ul class=""features"">
<li>Aerodynamic lightweight poly-alloy shell</li>
<li>Padded chin strap with a D-ring closure</li>
<li>Aluminum visor screws</li>
<li>CSPC certified EPS foam liner for protection</li>
<li>930 grams +/-50g (size M), 2.05 pounds +/- .11lb (size M)</li>
<li>Removable and washable liner and cheek pads</li>
<li>True Functional Ventilation (TFV)-When in motion air is forced through multiple air intake vents, then passed through aligned vent channels in the EPS and exits out multiple rear exhaust vents</li>
</ul>",Amped Bikes,,"Helmet, Sur-Ron Parts, Talaria Parts",TRUE,Size,S,Color,Matte Black,,,PSM0295S,0,,1,deny,manual,90.00,120.00,,,,https://cdn.shopify.com/s/files/1/0628/4728/7545/files/matteblacke.png?v=1697143226,,,,,,,,,,,,,,,,,,,https://cdn.shopify.com/s/files/1/0628/4728/7545/files/matteblacke.png?v=1697143226,g,,,active
rayce-helmet,,,,,,,Size,S,Color,Matte Grey,,,PSM0296S,0,,1,deny,manual,90.00,120.00,,,,https://cdn.shopify.com/s/files/1/0628/4728/7545/files/mattegrey.png?v=1697143226,,,,,,,,,,,,,,,,,,,https://cdn.shopify.com/s/files/1/0628/4728/7545/files/mattegrey.png?v=1697143226,g,,,active
rayce-helmet,,,,,,,Size,M,Color,Matte Black,,,PMM0297S,0,,1,deny,manual,90.00,120.00,,,,https://cdn.shopify.com/s/files/1/0628/4728/7545/products/e4c8-60d2567aa6193.jpg?v=1697143226,,,,,,,,,,,,,,,,,,,https://cdn.shopify.com/s/files/1/0628/4728/7545/files/matteblacke.png?v=1697143226,g,,,active
rayce-helmet,,,,,,,Size,M,Color,Matte Grey,,,PMM0298S,0,,1,deny,manual,90.00,120.00,,,,,,,,,,,,,,,,,,,,,,,https://cdn.shopify.com/s/files/1/0628/4728/7545/files/mattegrey.png?v=1697143226,g,,,active
rayce-helmet,,,,,,,Size,L,Color,Matte Black,,,PLM0299S,0,,1,deny,manual,90.00,120.00,,,,,,,,,,,,,,,,,,,,,,,https://cdn.shopify.com/s/files/1/0628/4728/7545/files/matteblacke.png?v=1697143226,g,,,active
rayce-helmet,,,,,,,Size,L,Color,Matte Grey,,,PLM0300S,0,,1,deny,manual,90.00,120.00,,,,,,,,,,,,,,,,,,,,,,,https://cdn.shopify.com/s/files/1/0628/4728/7545/files/mattegrey.png?v=1697143226,g,,,active
rayce-helmet,,,,,,,Size,XL,Color,Matte Black,,,PXM0301S,0,,1,deny,manual,90.00,120.00,,,,,,,,,,,,,,,,,,,,,,,https://cdn.shopify.com/s/files/1/0628/4728/7545/files/matteblacke.png?v=1697143226,g,,,active
rayce-helmet,,,,,,,Size,XL,Color,Matte Grey,,,PXM0302S,0,,1,deny,manual,90.00,120.00,,,,,,,,,,,,,,,,,,,,,,,https://cdn.shopify.com/s/files/1/0628/4728/7545/files/mattegrey.png?v=1697143226,g,,,active
rayce-helmet,,,,,,,Size,YM,Color,Matte Black,,,PYM0303S,0,,1,deny,manual,90.00,120.00,,,,,,,,,,,,,,,,,,,,,,,https://cdn.shopify.com/s/files/1/0628/4728/7545/files/matteblacke.png?v=1697143226,g,,,active
rayce-helmet,,,,,,,Size,YM,Color,Matte Grey,,,PYM0304S,0,,1,deny,manual,90.00,120.00,,,,,,,,,,,,,,,,,,,,,,,https://cdn.shopify.com/s/files/1/0628/4728/7545/files/mattegrey.png?v=1697143226,g,,,active
rayce-helmet,,,,,,,Size,YL,Color,Matte Black,,,PYM0305S,0,,1,deny,manual,90.00,120.00,,,,,,,,,,,,,,,,,,,,,,,https://cdn.shopify.com/s/files/1/0628/4728/7545/files/matteblacke.png?v=1697143226,g,,,active
rayce-helmet,,,,,,,Size,YL,Color,Matte Grey,,,PYM0306S,0,,1,deny,manual,90.00,120.00,,,,,,,,,,,,,,,,,,,,,,,https://cdn.shopify.com/s/files/1/0628/4728/7545/files/mattegrey.png?v=1697143226,g,,,active
maverick-dirt-bike-helmet-light-kit,Maverick Dirt Bike Helmet Light Kit,"<meta charset=""utf-8"">
<div class=""woocommerce-product-details__short-description"" data-mce-fragment=""1"">
<ul class=""a-unordered-list a-vertical a-spacing-mini"" data-mce-fragment=""1"">
<li data-mce-fragment=""1""><span class=""a-list-item"" data-mce-fragment=""1"">EXTREMELY BRIGHT 1000 lumen LED Technology. The Maverick Light Kit doesn’t leave you with tunnel vision on the trail like many other lights.</span></li>
<li data-mce-fragment=""1""><span class=""a-list-item"" data-mce-fragment=""1"">GoPro Mount Compatible – Attach our lightweight light to your motorcycle helmet or number plate with the included GoPro style mounts.</span></li>
<li data-mce-fragment=""1""><span class=""a-list-item"" data-mce-fragment=""1"">Aluminum Lightweight Construction – weighing only 4.2oz.</span></li>
<li data-mce-fragment=""1""><span class=""a-list-item"" data-mce-fragment=""1"">Extended Battery Life – The rechargeable battery allows you to run on high beam for 1.5 hours. Low beam will give you 7 hours.</span></li>
<li data-mce-fragment=""1""><span class=""a-list-item"" data-mce-fragment=""1"">Storage Case Included – Keep your light kit organized and ready to use in your backpack.</span></li>
</ul>
</div>",Amped Bikes,Light,"Lights&Electrical, Sur-Ron Parts, Talaria Parts",TRUE,Title,Default Title,,,,,P0094S,340,,1,deny,manual,80.00,,,,,https://cdn.shopify.com/s/files/1/0628/4728/7545/products/oxbow-maverick-dirt-bike-helmet-light.jpg?v=1676471528,,,,,,,,,,,,,,,,,,,,g,,,active
maverick-dirt-bike-helmet-light-kit,,,,,,,,,,,,,,,,,,,,,,,,https://cdn.shopify.com/s/files/1/0628/4728/7545/products/maverick-dirt-bike-helmet-light-kit-min.jpg?v=1676471528,,,,,,,,,,,,,,,,,,,,,,,
maverick-dirt-bike-helmet-light-kit,,,,,,,,,,,,,,,,,,,,,,,,https://cdn.shopify.com/s/files/1/0628/4728/7545/products/maverick-helmet-light-front-min.jpg?v=1676471529,,,,,,,,,,,,,,,,,,,,,,,
sur-ron-model-x-sine-wave-controller,Sur-Ron Model X Sine Wave Controller,"<meta charset=""utf-8"">
<div>An upgraded controller for the Sur-Ron X</div>
<div></div>
<div></div>
<div>Features include:</div>
<ul data-mce-fragment=""1"">
<li data-mce-fragment=""1""><span data-mce-fragment=""1"">25% increased power from the MX controller. </span></li>
<li data-mce-fragment=""1""><span data-mce-fragment=""1"">10% increase in top speed.</span></li>
<li data-mce-fragment=""1""><span data-mce-fragment=""1"">Smoother, more linear power band.</span></li>
<li data-mce-fragment=""1""><span data-mce-fragment=""1"">Plug and play installation (max 20minutes)</span></li>
</ul>",Amped Bikes,,"Lights&Electrical, OEM, Sur-Ron Parts",TRUE,Title,Default Title,,,,,P0093S,907,,0,deny,manual,490.00,,,,,https://cdn.shopify.com/s/files/1/0628/4728/7545/products/Untitleddesign_45.png?v=1675810025,,,,,,,,,,,,,,,,,,,,g,,,active
Shopify Spy extracts only 100 products on a free plan.,,,,,,,,,,,,,,,,,,,,,,,,,,,,,,,,,,,,,,,,,,,,,,,
