Handle,Title,Body (HTML),Vendor,Type,Tags,Published,Option1 Name,Option1 Value,Option2 Name,Option2 Value,Option3 Name,Option3 Value,Variant SKU,Variant Grams,Variant Inventory Tracker,Variant Inventory Qty,Variant Inventory Policy,Variant Fulfillment Service,Variant Price,Variant Compare At Price,Variant Requires Shipping,Variant Taxable,Variant Barcode,Image Src,Image Position,Image Alt Text,Gift Card,SEO Title,SEO Description,Google Shopping / Google Product Category,Google Shopping / Gender,Google Shopping / Age Group,Google Shopping / MPN,Google Shopping / AdWords Grouping,Google Shopping / AdWords Labels,Google Shopping / Condition,Google Shopping / Custom Product,Google Shopping / Custom Label 0,Google Shopping / Custom Label 1,Google Shopping / Custom Label 2,Google Shopping / Custom Label 3,Google Shopping / Custom Label 4,Variant Image,Variant Weight Unit,Variant Tax Code,Cost per item,Status
amped-heritage-snapback,Amped Heritage Snapback,"Be it the iconic Y2K fashion era or the everchanging 2020s—a classic trucker cap always seems to find a place in the fashion world. This mesh back trucker cap has that trendy yet timeless style and a mesh back that’ll ensure maximum comfort and breathability. Wear it to complete loungewear, streetwear, or casual fits, or have it as your go-to beach hat.<br>
<br>
• 55% polyester, 43% cotton, 2% spandex<br>
• Structured, 6-panel, mid-profile<br>
• Reinforced front<br>
• Curved peak<br>
• Permacurv® visor with 8 rows of visible stitching<br>
• Silver under visor<br>
• 2 embroidered eyelets<br>
• Mesh back<br>
• Elastic band<br>
• Blank product sourced from Bangladesh<p><strong class=""size-guide-title"">Size guide</strong></p><div class=""table-responsive dynamic"" data-unit-system=""imperial""><table cellpadding=""5""><tbody>
<tr>
<td> </td>
<td><strong>A (inches)</strong></td>
<td><strong>B (inches)</strong></td>
<td><strong>C (inches)</strong></td>
<td><strong>D (inches)</strong></td>
</tr>
<tr>
<td><strong>One Size</strong></td>
<td>24</td>
<td>6</td>
<td>2 ¾</td>
<td>7</td>
</tr>
</tbody></table></div>",Amped Bikes,,"Apparel, Printful",TRUE,Title,Default Title,,,,,8025402_15403,99,,1,deny,manual,25.00,,,,,https://cdn.shopify.com/s/files/1/0628/4728/7545/products/closed-back-trucker-cap-black-front-63ed29b75dc2b.jpg?v=1676487105,,,,,,,,,,,,,,,,,,,https://cdn.shopify.com/s/files/1/0628/4728/7545/products/closed-back-trucker-cap-black-front-63ed29b75dc2b.jpg?v=1676487105,g,,,active
amped-heritage-snapback,,,,,,,,,,,,,,,,,,,,,,,,https://cdn.shopify.com/s/files/1/0628/4728/7545/products/closed-back-trucker-cap-black-right-front-63ed29b7b289a.jpg?v=1676487107,,,,,,,,,,,,,,,,,,,,,,,
amped-heritage-snapback,,,,,,,,,,,,,,,,,,,,,,,,https://cdn.shopify.com/s/files/1/0628/4728/7545/products/closed-back-trucker-cap-black-back-63ed29b7b298e.jpg?v=1676487109,,,,,,,,,,,,,,,,,,,,,,,
the-treadspark-tee-2,The Treadspark Tee 2,"Everyone needs the perfect t-shirt to complement an everyday, laid-back look. The ideal top for so many occasions, this lightweight cotton tee will keep you comfy and looking smart.<br>
<br>
• 100% combed and ring-spun cotton (Heather colors contain polyester)<br>
• Fabric weight: 4.2 oz/yd² (142 g/m²)<br>
• Pre-shrunk fabric<br>
• Side-seamed construction<br>
• Shoulder-to-shoulder taping<br>
• Blank product sourced from Guatemala, Nicaragua, Mexico, Honduras, or the US<br>
<br>
This product is made especially for you as soon as you place an order, which is why it takes us a bit longer to deliver it to you. Making products on demand instead of in bulk helps reduce overproduction, so thank you for making thoughtful purchasing decisions!<p><strong class=""size-guide-title"">Size guide</strong></p><div class=""table-responsive dynamic"" data-unit-system=""imperial""><table cellpadding=""5""><tbody>
<tr>
<td> </td>
<td><strong>LENGTH (inches)</strong></td>
<td><strong>WIDTH (inches)</strong></td>
<td><strong>CHEST (inches)</strong></td>
</tr>
<tr>
<td><strong>XS</strong></td>
<td>27</td>
<td>16 ½</td>
<td>31-34</td>
</tr>
<tr>
<td><strong>S</strong></td>
<td>28</td>
<td>18</td>
<td>34-37</td>
</tr>
<tr>
<td><strong>M</strong></td>
<td>29</td>
<td>20</td>
<td>38-41</td>
</tr>
<tr>
<td><strong>L</strong></td>
<td>30</td>
<td>22</td>
<td>42-45</td>
</tr>
<tr>
<td><strong>XL</strong></td>
<td>31</td>
<td>24</td>
<td>46-49</td>
</tr>
<tr>
<td><strong>2XL</strong></td>
<td>32</td>
<td>26</td>
<td>50-53</td>
</tr>
<tr>
<td><strong>3XL</strong></td>
<td>33</td>
<td>28</td>
<td>54-57</td>
</tr>
</tbody></table></div>",Amped Bikes,,"Apparel, Printful",TRUE,Color,Black,Size,XS,,,2946495_9527,102,,1,deny,manual,29.99,,,,,https://cdn.shopify.com/s/files/1/0628/4728/7545/products/unisex-staple-t-shirt-black-front-63f536cfb7449.jpg?v=1677014748,,,,,,,,,,,,,,,,,,,https://cdn.shopify.com/s/files/1/0628/4728/7545/products/unisex-staple-t-shirt-black-front-63f536cfb7449.jpg?v=1677014748,g,,,active
the-treadspark-tee-2,,,,,,,Color,Black,Size,S,,,2946495_4016,130,,1,deny,manual,29.99,,,,,https://cdn.shopify.com/s/files/1/0628/4728/7545/products/unisex-staple-t-shirt-asphalt-front-63f536cfb9963.jpg?v=1677014750,,,,,,,,,,,,,,,,,,,https://cdn.shopify.com/s/files/1/0628/4728/7545/products/unisex-staple-t-shirt-black-front-63f536cfb7449.jpg?v=1677014748,g,,,active
the-treadspark-tee-2,,,,,,,Color,Black,Size,M,,,2946495_4017,142,,1,deny,manual,29.99,,,,,,,,,,,,,,,,,,,,,,,,https://cdn.shopify.com/s/files/1/0628/4728/7545/products/unisex-staple-t-shirt-black-front-63f536cfb7449.jpg?v=1677014748,g,,,active
the-treadspark-tee-2,,,,,,,Color,Black,Size,L,,,2946495_4018,164,,1,deny,manual,29.99,,,,,,,,,,,,,,,,,,,,,,,,https://cdn.shopify.com/s/files/1/0628/4728/7545/products/unisex-staple-t-shirt-black-front-63f536cfb7449.jpg?v=1677014748,g,,,active
the-treadspark-tee-2,,,,,,,Color,Black,Size,XL,,,2946495_4019,170,,1,deny,manual,29.99,,,,,,,,,,,,,,,,,,,,,,,,https://cdn.shopify.com/s/files/1/0628/4728/7545/products/unisex-staple-t-shirt-black-front-63f536cfb7449.jpg?v=1677014748,g,,,active
the-treadspark-tee-2,,,,,,,Color,Black,Size,2XL,,,2946495_4020,201,,1,deny,manual,29.99,,,,,,,,,,,,,,,,,,,,,,,,https://cdn.shopify.com/s/files/1/0628/4728/7545/products/unisex-staple-t-shirt-black-front-63f536cfb7449.jpg?v=1677014748,g,,,active
the-treadspark-tee-2,,,,,,,Color,Black,Size,3XL,,,2946495_5295,213,,1,deny,manual,29.99,,,,,,,,,,,,,,,,,,,,,,,,https://cdn.shopify.com/s/files/1/0628/4728/7545/products/unisex-staple-t-shirt-black-front-63f536cfb7449.jpg?v=1677014748,g,,,active
the-treadspark-tee-2,,,,,,,Color,Asphalt,Size,S,,,2946495_4031,130,,1,deny,manual,29.99,,,,,,,,,,,,,,,,,,,,,,,,,g,,,active
the-treadspark-tee-2,,,,,,,Color,Asphalt,Size,M,,,2946495_4032,142,,1,deny,manual,29.99,,,,,,,,,,,,,,,,,,,,,,,,,g,,,active
the-treadspark-tee-2,,,,,,,Color,Asphalt,Size,L,,,2946495_4033,164,,1,deny,manual,29.99,,,,,,,,,,,,,,,,,,,,,,,,,g,,,active
the-treadspark-tee-2,,,,,,,Color,Asphalt,Size,XL,,,2946495_4034,170,,1,deny,manual,29.99,,,,,,,,,,,,,,,,,,,,,,,,,g,,,active
the-treadspark-tee-2,,,,,,,Color,Asphalt,Size,2XL,,,2946495_4035,201,,1,deny,manual,29.99,,,,,,,,,,,,,,,,,,,,,,,,,g,,,active
the-treadspark-tee-2,,,,,,,Color,Asphalt,Size,3XL,,,2946495_5297,213,,1,deny,manual,29.99,,,,,,,,,,,,,,,,,,,,,,,,,g,,,active
unisex-t-shirt,The Treadspark Tee 1,"Everyone needs the perfect t-shirt to complement an everyday, laid-back look. The ideal top for so many occasions, this lightweight cotton tee will keep you comfy and looking smart.<br>
<br>
• 100% combed and ring-spun cotton (Heather colors contain polyester)<br>
• Fabric weight: 4.2 oz/yd² (142 g/m²)<br>
• Pre-shrunk fabric<br>
• Side-seamed construction<br>
• Shoulder-to-shoulder taping<br>
• Blank product sourced from Guatemala, Nicaragua, Mexico, Honduras, or the US<br>
<br>
This product is made especially for you as soon as you place an order, which is why it takes us a bit longer to deliver it to you. Making products on demand instead of in bulk helps reduce overproduction, so thank you for making thoughtful purchasing decisions!<p><strong class=""size-guide-title"">Size guide</strong></p><div class=""table-responsive dynamic"" data-unit-system=""imperial""><table cellpadding=""5""><tbody>
<tr>
<td> </td>
<td><strong>LENGTH (inches)</strong></td>
<td><strong>WIDTH (inches)</strong></td>
<td><strong>CHEST (inches)</strong></td>
</tr>
<tr>
<td><strong>XS</strong></td>
<td>27</td>
<td>16 ½</td>
<td>31-34</td>
</tr>
<tr>
<td><strong>S</strong></td>
<td>28</td>
<td>18</td>
<td>34-37</td>
</tr>
<tr>
<td><strong>M</strong></td>
<td>29</td>
<td>20</td>
<td>38-41</td>
</tr>
<tr>
<td><strong>L</strong></td>
<td>30</td>
<td>22</td>
<td>42-45</td>
</tr>
<tr>
<td><strong>XL</strong></td>
<td>31</td>
<td>24</td>
<td>46-49</td>
</tr>
<tr>
<td><strong>2XL</strong></td>
<td>32</td>
<td>26</td>
<td>50-53</td>
</tr>
<tr>
<td><strong>3XL</strong></td>
<td>33</td>
<td>28</td>
<td>54-57</td>
</tr>
</tbody></table></div>",Amped Bikes,,"Apparel, Printful",TRUE,Size,XS,,,,,4734831_9526,102,,1,deny,manual,29.99,,,,,https://cdn.shopify.com/s/files/1/0628/4728/7545/products/unisex-staple-t-shirt-white-front-63f53706eb35a.jpg?v=1677014803,,,,,,,,,,,,,,,,,,,https://cdn.shopify.com/s/files/1/0628/4728/7545/products/unisex-staple-t-shirt-white-front-63f53706eb35a.jpg?v=1677014803,g,,,active
unisex-t-shirt,,,,,,,Size,S,,,,,4734831_4011,130,,1,deny,manual,29.99,,,,,,,,,,,,,,,,,,,,,,,,https://cdn.shopify.com/s/files/1/0628/4728/7545/products/unisex-staple-t-shirt-white-front-63f53706eb35a.jpg?v=1677014803,g,,,active
unisex-t-shirt,,,,,,,Size,M,,,,,4734831_4012,142,,1,deny,manual,29.99,,,,,,,,,,,,,,,,,,,,,,,,https://cdn.shopify.com/s/files/1/0628/4728/7545/products/unisex-staple-t-shirt-white-front-63f53706eb35a.jpg?v=1677014803,g,,,active
unisex-t-shirt,,,,,,,Size,L,,,,,4734831_4013,164,,1,deny,manual,29.99,,,,,,,,,,,,,,,,,,,,,,,,https://cdn.shopify.com/s/files/1/0628/4728/7545/products/unisex-staple-t-shirt-white-front-63f53706eb35a.jpg?v=1677014803,g,,,active
unisex-t-shirt,,,,,,,Size,XL,,,,,4734831_4014,170,,1,deny,manual,29.99,,,,,,,,,,,,,,,,,,,,,,,,https://cdn.shopify.com/s/files/1/0628/4728/7545/products/unisex-staple-t-shirt-white-front-63f53706eb35a.jpg?v=1677014803,g,,,active
unisex-t-shirt,,,,,,,Size,2XL,,,,,4734831_4015,201,,1,deny,manual,29.99,,,,,,,,,,,,,,,,,,,,,,,,https://cdn.shopify.com/s/files/1/0628/4728/7545/products/unisex-staple-t-shirt-white-front-63f53706eb35a.jpg?v=1677014803,g,,,active
unisex-t-shirt,,,,,,,Size,3XL,,,,,4734831_5294,213,,1,deny,manual,29.99,,,,,,,,,,,,,,,,,,,,,,,,https://cdn.shopify.com/s/files/1/0628/4728/7545/products/unisex-staple-t-shirt-white-front-63f53706eb35a.jpg?v=1677014803,g,,,active
the-amped-tee-2,The Amped Tee 2,"Everyone needs the perfect t-shirt to complement an everyday, laid-back look. The ideal top for so many occasions, this lightweight cotton tee will keep you comfy and looking smart.<br>
<br>
• 100% combed and ring-spun cotton (Heather colors contain polyester)<br>
• Fabric weight: 4.2 oz/yd² (142 g/m²)<br>
• Pre-shrunk fabric<br>
• Side-seamed construction<br>
• Shoulder-to-shoulder taping<br>
• Blank product sourced from Guatemala, Nicaragua, Mexico, Honduras, or the US<br>
<br>
This product is made especially for you as soon as you place an order, which is why it takes us a bit longer to deliver it to you. Making products on demand instead of in bulk helps reduce overproduction, so thank you for making thoughtful purchasing decisions!<p><strong class=""size-guide-title"">Size guide</strong></p><div class=""table-responsive dynamic"" data-unit-system=""imperial""><table cellpadding=""5""><tbody>
<tr>
<td> </td>
<td><strong>LENGTH (inches)</strong></td>
<td><strong>WIDTH (inches)</strong></td>
<td><strong>CHEST (inches)</strong></td>
</tr>
<tr>
<td><strong>XS</strong></td>
<td>27</td>
<td>16 ½</td>
<td>31-34</td>
</tr>
<tr>
<td><strong>S</strong></td>
<td>28</td>
<td>18</td>
<td>34-37</td>
</tr>
<tr>
<td><strong>M</strong></td>
<td>29</td>
<td>20</td>
<td>38-41</td>
</tr>
<tr>
<td><strong>L</strong></td>
<td>30</td>
<td>22</td>
<td>42-45</td>
</tr>
<tr>
<td><strong>XL</strong></td>
<td>31</td>
<td>24</td>
<td>46-49</td>
</tr>
<tr>
<td><strong>2XL</strong></td>
<td>32</td>
<td>26</td>
<td>50-53</td>
</tr>
<tr>
<td><strong>3XL</strong></td>
<td>33</td>
<td>28</td>
<td>54-57</td>
</tr>
</tbody></table></div>",Amped Bikes,,"Apparel, Printful",TRUE,Size,XS,,,,,4855726_9527,102,,1,deny,manual,29.99,,,,,https://cdn.shopify.com/s/files/1/0628/4728/7545/products/unisex-staple-t-shirt-black-front-63f537e52465f.jpg?v=1677015028,,,,,,,,,,,,,,,,,,,https://cdn.shopify.com/s/files/1/0628/4728/7545/products/unisex-staple-t-shirt-black-front-63f537e52465f.jpg?v=1677015028,g,,,active
the-amped-tee-2,,,,,,,Size,S,,,,,4855726_4016,130,,1,deny,manual,29.99,,,,,https://cdn.shopify.com/s/files/1/0628/4728/7545/products/unisex-staple-t-shirt-black-back-63f537e5259fa.jpg?v=1677015031,,,,,,,,,,,,,,,,,,,https://cdn.shopify.com/s/files/1/0628/4728/7545/products/unisex-staple-t-shirt-black-front-63f537e52465f.jpg?v=1677015028,g,,,active
the-amped-tee-2,,,,,,,Size,M,,,,,4855726_4017,142,,1,deny,manual,29.99,,,,,,,,,,,,,,,,,,,,,,,,https://cdn.shopify.com/s/files/1/0628/4728/7545/products/unisex-staple-t-shirt-black-front-63f537e52465f.jpg?v=1677015028,g,,,active
the-amped-tee-2,,,,,,,Size,L,,,,,4855726_4018,164,,1,deny,manual,29.99,,,,,,,,,,,,,,,,,,,,,,,,https://cdn.shopify.com/s/files/1/0628/4728/7545/products/unisex-staple-t-shirt-black-front-63f537e52465f.jpg?v=1677015028,g,,,active
the-amped-tee-2,,,,,,,Size,XL,,,,,4855726_4019,170,,1,deny,manual,29.99,,,,,,,,,,,,,,,,,,,,,,,,https://cdn.shopify.com/s/files/1/0628/4728/7545/products/unisex-staple-t-shirt-black-front-63f537e52465f.jpg?v=1677015028,g,,,active
the-amped-tee-2,,,,,,,Size,2XL,,,,,4855726_4020,201,,1,deny,manual,29.99,,,,,,,,,,,,,,,,,,,,,,,,https://cdn.shopify.com/s/files/1/0628/4728/7545/products/unisex-staple-t-shirt-black-front-63f537e52465f.jpg?v=1677015028,g,,,active
the-amped-tee-2,,,,,,,Size,3XL,,,,,4855726_5295,213,,1,deny,manual,29.99,,,,,,,,,,,,,,,,,,,,,,,,https://cdn.shopify.com/s/files/1/0628/4728/7545/products/unisex-staple-t-shirt-black-front-63f537e52465f.jpg?v=1677015028,g,,,active
the-shop-tee-1,The Shop Tee 1,"This t-shirt is everything you've dreamed of and more. It feels soft and lightweight, with the right amount of stretch. It's comfortable and flattering for all. <br>
<br>
• 100% combed and ring-spun cotton (Heather colors contain polyester)<br>
• Fabric weight: 4.2 oz/yd² (142 g/m²)<br>
• Pre-shrunk fabric<br>
• Side-seamed construction<br>
• Shoulder-to-shoulder taping<br>
• Blank product sourced from Guatemala, Nicaragua, Mexico, Honduras, or the US<br>
<br>
This product is made especially for you as soon as you place an order, which is why it takes us a bit longer to deliver it to you. Making products on demand instead of in bulk helps reduce overproduction, so thank you for making thoughtful purchasing decisions!<p><strong class=""size-guide-title"">Size guide</strong></p><div class=""table-responsive dynamic"" data-unit-system=""imperial""><table cellpadding=""5""><tbody>
<tr>
<td> </td>
<td><strong>LENGTH (inches)</strong></td>
<td><strong>WIDTH (inches)</strong></td>
<td><strong>CHEST (inches)</strong></td>
</tr>
<tr>
<td><strong>XS</strong></td>
<td>27</td>
<td>16 ½</td>
<td>31-34</td>
</tr>
<tr>
<td><strong>S</strong></td>
<td>28</td>
<td>18</td>
<td>34-37</td>
</tr>
<tr>
<td><strong>M</strong></td>
<td>29</td>
<td>20</td>
<td>38-41</td>
</tr>
<tr>
<td><strong>L</strong></td>
<td>30</td>
<td>22</td>
<td>42-45</td>
</tr>
<tr>
<td><strong>XL</strong></td>
<td>31</td>
<td>24</td>
<td>46-49</td>
</tr>
<tr>
<td><strong>2XL</strong></td>
<td>32</td>
<td>26</td>
<td>50-53</td>
</tr>
<tr>
<td><strong>3XL</strong></td>
<td>33</td>
<td>28</td>
<td>54-57</td>
</tr>
<tr>
<td><strong>4XL</strong></td>
<td>34</td>
<td>30</td>
<td>58-61</td>
</tr>
<tr>
<td><strong>5XL</strong></td>
<td>35</td>
<td>31</td>
<td>62-65</td>
</tr>
</tbody></table></div>",Amped Bikes,,"Apparel, Printful",TRUE,Color,Black,Size,XS,,,4788520_9527,102,,1,deny,manual,29.99,,,,,https://cdn.shopify.com/s/files/1/0628/4728/7545/products/unisex-staple-t-shirt-black-front-63f5383c70cf0.jpg?v=1677015127,,,,,,,,,,,,,,,,,,,https://cdn.shopify.com/s/files/1/0628/4728/7545/products/unisex-staple-t-shirt-black-front-63f5383c70cf0.jpg?v=1677015127,g,,,active
the-shop-tee-1,,,,,,,Color,Black,Size,S,,,4788520_4016,130,,1,deny,manual,29.99,,,,,https://cdn.shopify.com/s/files/1/0628/4728/7545/products/unisex-staple-t-shirt-black-back-63f5383c72212.jpg?v=1677015129,,,,,,,,,,,,,,,,,,,https://cdn.shopify.com/s/files/1/0628/4728/7545/products/unisex-staple-t-shirt-black-front-63f5383c70cf0.jpg?v=1677015127,g,,,active
the-shop-tee-1,,,,,,,Color,Black,Size,M,,,4788520_4017,142,,1,deny,manual,29.99,,,,,https://cdn.shopify.com/s/files/1/0628/4728/7545/products/unisex-staple-t-shirt-asphalt-front-63f5383c72788.jpg?v=1677015131,,,,,,,,,,,,,,,,,,,https://cdn.shopify.com/s/files/1/0628/4728/7545/products/unisex-staple-t-shirt-black-front-63f5383c70cf0.jpg?v=1677015127,g,,,active
the-shop-tee-1,,,,,,,Color,Black,Size,L,,,4788520_4018,164,,1,deny,manual,29.99,,,,,https://cdn.shopify.com/s/files/1/0628/4728/7545/products/unisex-staple-t-shirt-asphalt-back-63f5383c7333f.jpg?v=1677015133,,,,,,,,,,,,,,,,,,,https://cdn.shopify.com/s/files/1/0628/4728/7545/products/unisex-staple-t-shirt-black-front-63f5383c70cf0.jpg?v=1677015127,g,,,active
the-shop-tee-1,,,,,,,Color,Black,Size,XL,,,4788520_4019,170,,1,deny,manual,29.99,,,,,,,,,,,,,,,,,,,,,,,,https://cdn.shopify.com/s/files/1/0628/4728/7545/products/unisex-staple-t-shirt-black-front-63f5383c70cf0.jpg?v=1677015127,g,,,active
the-shop-tee-1,,,,,,,Color,Black,Size,2XL,,,4788520_4020,201,,1,deny,manual,29.99,,,,,,,,,,,,,,,,,,,,,,,,https://cdn.shopify.com/s/files/1/0628/4728/7545/products/unisex-staple-t-shirt-black-front-63f5383c70cf0.jpg?v=1677015127,g,,,active
the-shop-tee-1,,,,,,,Color,Black,Size,3XL,,,4788520_5295,213,,1,deny,manual,29.99,,,,,,,,,,,,,,,,,,,,,,,,https://cdn.shopify.com/s/files/1/0628/4728/7545/products/unisex-staple-t-shirt-black-front-63f5383c70cf0.jpg?v=1677015127,g,,,active
the-shop-tee-1,,,,,,,Color,Black,Size,4XL,,,4788520_5310,255,,1,deny,manual,29.99,,,,,,,,,,,,,,,,,,,,,,,,https://cdn.shopify.com/s/files/1/0628/4728/7545/products/unisex-staple-t-shirt-black-front-63f5383c70cf0.jpg?v=1677015127,g,,,active
the-shop-tee-1,,,,,,,Color,Black,Size,5XL,,,4788520_12871,236,,1,deny,manual,29.99,,,,,,,,,,,,,,,,,,,,,,,,https://cdn.shopify.com/s/files/1/0628/4728/7545/products/unisex-staple-t-shirt-black-front-63f5383c70cf0.jpg?v=1677015127,g,,,active
the-shop-tee-1,,,,,,,Color,Asphalt,Size,S,,,4788520_4031,130,,1,deny,manual,29.99,,,,,,,,,,,,,,,,,,,,,,,,,g,,,active
the-shop-tee-1,,,,,,,Color,Asphalt,Size,M,,,4788520_4032,142,,1,deny,manual,29.99,,,,,,,,,,,,,,,,,,,,,,,,,g,,,active
the-shop-tee-1,,,,,,,Color,Asphalt,Size,L,,,4788520_4033,164,,1,deny,manual,29.99,,,,,,,,,,,,,,,,,,,,,,,,,g,,,active
the-shop-tee-1,,,,,,,Color,Asphalt,Size,XL,,,4788520_4034,170,,1,deny,manual,29.99,,,,,,,,,,,,,,,,,,,,,,,,,g,,,active
the-shop-tee-1,,,,,,,Color,Asphalt,Size,2XL,,,4788520_4035,201,,1,deny,manual,29.99,,,,,,,,,,,,,,,,,,,,,,,,,g,,,active
the-shop-tee-1,,,,,,,Color,Asphalt,Size,3XL,,,4788520_5297,213,,1,deny,manual,29.99,,,,,,,,,,,,,,,,,,,,,,,,,g,,,active
the-shop-tee-1,,,,,,,Color,Asphalt,Size,4XL,,,4788520_5312,255,,1,deny,manual,29.99,,,,,,,,,,,,,,,,,,,,,,,,,g,,,active
the-shop-tee-2,The Shop Tee 2,"Everyone needs the perfect t-shirt to complement an everyday, laid-back look. The ideal top for so many occasions, this lightweight cotton tee will keep you comfy and looking smart.<br>
<br>
• 100% combed and ring-spun cotton (Heather colors contain polyester)<br>
• Fabric weight: 4.2 oz/yd² (142 g/m²)<br>
• Pre-shrunk fabric<br>
• Side-seamed construction<br>
• Shoulder-to-shoulder taping<br>
• Blank product sourced from Guatemala, Nicaragua, Mexico, Honduras, or the US<br>
<br>
This product is made especially for you as soon as you place an order, which is why it takes us a bit longer to deliver it to you. Making products on demand instead of in bulk helps reduce overproduction, so thank you for making thoughtful purchasing decisions!<p><strong class=""size-guide-title"">Size guide</strong></p><div class=""table-responsive dynamic"" data-unit-system=""imperial""><table cellpadding=""5""><tbody>
<tr>
<td> </td>
<td><strong>LENGTH (inches)</strong></td>
<td><strong>WIDTH (inches)</strong></td>
<td><strong>CHEST (inches)</strong></td>
</tr>
<tr>
<td><strong>S</strong></td>
<td>28</td>
<td>18</td>
<td>34-37</td>
</tr>
<tr>
<td><strong>M</strong></td>
<td>29</td>
<td>20</td>
<td>38-41</td>
</tr>
<tr>
<td><strong>L</strong></td>
<td>30</td>
<td>22</td>
<td>42-45</td>
</tr>
<tr>
<td><strong>XL</strong></td>
<td>31</td>
<td>24</td>
<td>46-49</td>
</tr>
<tr>
<td><strong>2XL</strong></td>
<td>32</td>
<td>26</td>
<td>50-53</td>
</tr>
<tr>
<td><strong>3XL</strong></td>
<td>33</td>
<td>28</td>
<td>54-57</td>
</tr>
</tbody></table></div>",Amped Bikes,,"Apparel, Printful",TRUE,Size,S,,,,,4094070_4031,130,,1,deny,manual,29.99,,,,,https://cdn.shopify.com/s/files/1/0628/4728/7545/products/unisex-staple-t-shirt-asphalt-front-63f538a042e64.jpg?v=1677015228,,,,,,,,,,,,,,,,,,,https://cdn.shopify.com/s/files/1/0628/4728/7545/products/unisex-staple-t-shirt-asphalt-front-63f538a042e64.jpg?v=1677015228,g,,,active
the-shop-tee-2,,,,,,,Size,M,,,,,4094070_4032,142,,1,deny,manual,29.99,,,,,,,,,,,,,,,,,,,,,,,,https://cdn.shopify.com/s/files/1/0628/4728/7545/products/unisex-staple-t-shirt-asphalt-front-63f538a042e64.jpg?v=1677015228,g,,,active
the-shop-tee-2,,,,,,,Size,L,,,,,4094070_4033,164,,1,deny,manual,29.99,,,,,,,,,,,,,,,,,,,,,,,,https://cdn.shopify.com/s/files/1/0628/4728/7545/products/unisex-staple-t-shirt-asphalt-front-63f538a042e64.jpg?v=1677015228,g,,,active
the-shop-tee-2,,,,,,,Size,XL,,,,,4094070_4034,170,,1,deny,manual,29.99,,,,,,,,,,,,,,,,,,,,,,,,https://cdn.shopify.com/s/files/1/0628/4728/7545/products/unisex-staple-t-shirt-asphalt-front-63f538a042e64.jpg?v=1677015228,g,,,active
the-shop-tee-2,,,,,,,Size,2XL,,,,,4094070_4035,201,,1,deny,manual,29.99,,,,,,,,,,,,,,,,,,,,,,,,https://cdn.shopify.com/s/files/1/0628/4728/7545/products/unisex-staple-t-shirt-asphalt-front-63f538a042e64.jpg?v=1677015228,g,,,active
the-shop-tee-2,,,,,,,Size,3XL,,,,,4094070_5297,213,,1,deny,manual,29.99,,,,,,,,,,,,,,,,,,,,,,,,https://cdn.shopify.com/s/files/1/0628/4728/7545/products/unisex-staple-t-shirt-asphalt-front-63f538a042e64.jpg?v=1677015228,g,,,active
the-script-tee-1,The Script Tee 1,"Everyone needs the perfect t-shirt to complement an everyday, laid-back look. The ideal top for so many occasions, this lightweight cotton tee will keep you comfy and looking smart.<br>
<br>
• 100% combed and ring-spun cotton (Heather colors contain polyester)<br>
• Fabric weight: 4.2 oz/yd² (142 g/m²)<br>
• Pre-shrunk fabric<br>
• Side-seamed construction<br>
• Shoulder-to-shoulder taping<br>
• Blank product sourced from Guatemala, Nicaragua, Mexico, Honduras, or the US<br>
<br>
This product is made especially for you as soon as you place an order, which is why it takes us a bit longer to deliver it to you. Making products on demand instead of in bulk helps reduce overproduction, so thank you for making thoughtful purchasing decisions!<p><strong class=""size-guide-title"">Size guide</strong></p><div class=""table-responsive dynamic"" data-unit-system=""imperial""><table cellpadding=""5""><tbody>
<tr>
<td> </td>
<td><strong>LENGTH (inches)</strong></td>
<td><strong>WIDTH (inches)</strong></td>
<td><strong>CHEST (inches)</strong></td>
</tr>
<tr>
<td><strong>XS</strong></td>
<td>27</td>
<td>16 ½</td>
<td>31-34</td>
</tr>
<tr>
<td><strong>S</strong></td>
<td>28</td>
<td>18</td>
<td>34-37</td>
</tr>
<tr>
<td><strong>M</strong></td>
<td>29</td>
<td>20</td>
<td>38-41</td>
</tr>
<tr>
<td><strong>L</strong></td>
<td>30</td>
<td>22</td>
<td>42-45</td>
</tr>
<tr>
<td><strong>XL</strong></td>
<td>31</td>
<td>24</td>
<td>46-49</td>
</tr>
<tr>
<td><strong>2XL</strong></td>
<td>32</td>
<td>26</td>
<td>50-53</td>
</tr>
<tr>
<td><strong>3XL</strong></td>
<td>33</td>
<td>28</td>
<td>54-57</td>
</tr>
</tbody></table></div>",Amped Bikes,,"Apparel, Printful",TRUE,Color,Black,Size,XS,,,2892334_9527,102,,1,deny,manual,29.99,,,,,https://cdn.shopify.com/s/files/1/0628/4728/7545/products/unisex-staple-t-shirt-black-front-63f5394af136b.jpg?v=1677015385,,,,,,,,,,,,,,,,,,,https://cdn.shopify.com/s/files/1/0628/4728/7545/products/unisex-staple-t-shirt-black-front-63f5394af136b.jpg?v=1677015385,g,,,active
the-script-tee-1,,,,,,,Color,Black,Size,S,,,2892334_4016,130,,1,deny,manual,29.99,,,,,https://cdn.shopify.com/s/files/1/0628/4728/7545/products/unisex-staple-t-shirt-dark-grey-heather-front-63f5394af2a9f.jpg?v=1677015387,,,,,,,,,,,,,,,,,,,https://cdn.shopify.com/s/files/1/0628/4728/7545/products/unisex-staple-t-shirt-black-front-63f5394af136b.jpg?v=1677015385,g,,,active
the-script-tee-1,,,,,,,Color,Black,Size,M,,,2892334_4017,142,,1,deny,manual,29.99,,,,,https://cdn.shopify.com/s/files/1/0628/4728/7545/products/unisex-staple-t-shirt-olive-front-63f5394af31f0.jpg?v=1677015389,,,,,,,,,,,,,,,,,,,https://cdn.shopify.com/s/files/1/0628/4728/7545/products/unisex-staple-t-shirt-black-front-63f5394af136b.jpg?v=1677015385,g,,,active
the-script-tee-1,,,,,,,Color,Black,Size,L,,,2892334_4018,164,,1,deny,manual,29.99,,,,,,,,,,,,,,,,,,,,,,,,https://cdn.shopify.com/s/files/1/0628/4728/7545/products/unisex-staple-t-shirt-black-front-63f5394af136b.jpg?v=1677015385,g,,,active
the-script-tee-1,,,,,,,Color,Black,Size,XL,,,2892334_4019,170,,1,deny,manual,29.99,,,,,,,,,,,,,,,,,,,,,,,,https://cdn.shopify.com/s/files/1/0628/4728/7545/products/unisex-staple-t-shirt-black-front-63f5394af136b.jpg?v=1677015385,g,,,active
the-script-tee-1,,,,,,,Color,Black,Size,2XL,,,2892334_4020,201,,1,deny,manual,29.99,,,,,,,,,,,,,,,,,,,,,,,,https://cdn.shopify.com/s/files/1/0628/4728/7545/products/unisex-staple-t-shirt-black-front-63f5394af136b.jpg?v=1677015385,g,,,active
the-script-tee-1,,,,,,,Color,Black,Size,3XL,,,2892334_5295,213,,1,deny,manual,29.99,,,,,,,,,,,,,,,,,,,,,,,,https://cdn.shopify.com/s/files/1/0628/4728/7545/products/unisex-staple-t-shirt-black-front-63f5394af136b.jpg?v=1677015385,g,,,active
the-script-tee-1,,,,,,,Color,Dark Grey Heather,Size,XS,,,2892334_9564,102,,1,deny,manual,29.99,,,,,,,,,,,,,,,,,,,,,,,,,g,,,active
the-script-tee-1,,,,,,,Color,Dark Grey Heather,Size,S,,,2892334_8460,130,,1,deny,manual,29.99,,,,,,,,,,,,,,,,,,,,,,,,,g,,,active
the-script-tee-1,,,,,,,Color,Dark Grey Heather,Size,M,,,2892334_8461,142,,1,deny,manual,29.99,,,,,,,,,,,,,,,,,,,,,,,,,g,,,active
the-script-tee-1,,,,,,,Color,Dark Grey Heather,Size,L,,,2892334_8462,164,,1,deny,manual,29.99,,,,,,,,,,,,,,,,,,,,,,,,,g,,,active
the-script-tee-1,,,,,,,Color,Dark Grey Heather,Size,XL,,,2892334_8463,170,,1,deny,manual,29.99,,,,,,,,,,,,,,,,,,,,,,,,,g,,,active
the-script-tee-1,,,,,,,Color,Dark Grey Heather,Size,2XL,,,2892334_8464,201,,1,deny,manual,29.99,,,,,,,,,,,,,,,,,,,,,,,,,g,,,active
the-script-tee-1,,,,,,,Color,Dark Grey Heather,Size,3XL,,,2892334_8465,213,,1,deny,manual,29.99,,,,,,,,,,,,,,,,,,,,,,,,,g,,,active
the-script-tee-1,,,,,,,Color,Olive,Size,S,,,2892334_4121,130,,1,deny,manual,29.99,,,,,,,,,,,,,,,,,,,,,,,,,g,,,active
the-script-tee-1,,,,,,,Color,Olive,Size,M,,,2892334_4122,142,,1,deny,manual,29.99,,,,,,,,,,,,,,,,,,,,,,,,,g,,,active
the-script-tee-1,,,,,,,Color,Olive,Size,L,,,2892334_4123,164,,1,deny,manual,29.99,,,,,,,,,,,,,,,,,,,,,,,,,g,,,active
the-script-tee-1,,,,,,,Color,Olive,Size,XL,,,2892334_4124,170,,1,deny,manual,29.99,,,,,,,,,,,,,,,,,,,,,,,,,g,,,active
the-script-tee-1,,,,,,,Color,Olive,Size,2XL,,,2892334_4125,201,,1,deny,manual,29.99,,,,,,,,,,,,,,,,,,,,,,,,,g,,,active
the-script-tee-1,,,,,,,Color,Olive,Size,3XL,,,2892334_16340,213,,1,deny,manual,29.99,,,,,,,,,,,,,,,,,,,,,,,,,g,,,active
the-live-life-electric-tee,The Live Life Electric Tee,"Everyone needs the perfect t-shirt to complement an everyday, laid-back look. The ideal top for so many occasions, this lightweight cotton tee will keep you comfy and looking smart.<br>
<br>
• 100% combed and ring-spun cotton (Heather colors contain polyester)<br>
• Fabric weight: 4.2 oz/yd² (142 g/m²)<br>
• Pre-shrunk fabric<br>
• Side-seamed construction<br>
• Shoulder-to-shoulder taping<br>
• Blank product sourced from Guatemala, Nicaragua, Mexico, Honduras, or the US<br>
<br>
This product is made especially for you as soon as you place an order, which is why it takes us a bit longer to deliver it to you. Making products on demand instead of in bulk helps reduce overproduction, so thank you for making thoughtful purchasing decisions!<p><strong class=""size-guide-title"">Size guide</strong></p><div class=""table-responsive dynamic"" data-unit-system=""imperial""><table cellpadding=""5""><tbody>
<tr>
<td> </td>
<td><strong>LENGTH (inches)</strong></td>
<td><strong>WIDTH (inches)</strong></td>
<td><strong>CHEST (inches)</strong></td>
</tr>
<tr>
<td><strong>S</strong></td>
<td>28</td>
<td>18</td>
<td>34-37</td>
</tr>
<tr>
<td><strong>M</strong></td>
<td>29</td>
<td>20</td>
<td>38-41</td>
</tr>
<tr>
<td><strong>L</strong></td>
<td>30</td>
<td>22</td>
<td>42-45</td>
</tr>
<tr>
<td><strong>XL</strong></td>
<td>31</td>
<td>24</td>
<td>46-49</td>
</tr>
<tr>
<td><strong>2XL</strong></td>
<td>32</td>
<td>26</td>
<td>50-53</td>
</tr>
<tr>
<td><strong>3XL</strong></td>
<td>33</td>
<td>28</td>
<td>54-57</td>
</tr>
</tbody></table></div>",Amped Bikes,,"Apparel, Printful",TRUE,Size,S,,,,,8854506_4161,130,,1,deny,manual,29.99,,,,,https://cdn.shopify.com/s/files/1/0628/4728/7545/products/unisex-staple-t-shirt-steel-blue-front-63f53a5c32610.jpg?v=1677015661,,,,,,,,,,,,,,,,,,,https://cdn.shopify.com/s/files/1/0628/4728/7545/products/unisex-staple-t-shirt-steel-blue-front-63f53a5c32610.jpg?v=1677015661,g,,,active
the-live-life-electric-tee,,,,,,,Size,M,,,,,8854506_4162,142,,1,deny,manual,29.99,,,,,https://cdn.shopify.com/s/files/1/0628/4728/7545/products/unisex-staple-t-shirt-steel-blue-back-63f53a5c338db.jpg?v=1677015663,,,,,,,,,,,,,,,,,,,https://cdn.shopify.com/s/files/1/0628/4728/7545/products/unisex-staple-t-shirt-steel-blue-front-63f53a5c32610.jpg?v=1677015661,g,,,active
the-live-life-electric-tee,,,,,,,Size,L,,,,,8854506_4163,164,,1,deny,manual,29.99,,,,,,,,,,,,,,,,,,,,,,,,https://cdn.shopify.com/s/files/1/0628/4728/7545/products/unisex-staple-t-shirt-steel-blue-front-63f53a5c32610.jpg?v=1677015661,g,,,active
the-live-life-electric-tee,,,,,,,Size,XL,,,,,8854506_4164,170,,1,deny,manual,29.99,,,,,,,,,,,,,,,,,,,,,,,,https://cdn.shopify.com/s/files/1/0628/4728/7545/products/unisex-staple-t-shirt-steel-blue-front-63f53a5c32610.jpg?v=1677015661,g,,,active
the-live-life-electric-tee,,,,,,,Size,2XL,,,,,8854506_4165,201,,1,deny,manual,29.99,,,,,,,,,,,,,,,,,,,,,,,,https://cdn.shopify.com/s/files/1/0628/4728/7545/products/unisex-staple-t-shirt-steel-blue-front-63f53a5c32610.jpg?v=1677015661,g,,,active
the-live-life-electric-tee,,,,,,,Size,3XL,,,,,8854506_5306,213,,1,deny,manual,29.99,,,,,,,,,,,,,,,,,,,,,,,,https://cdn.shopify.com/s/files/1/0628/4728/7545/products/unisex-staple-t-shirt-steel-blue-front-63f53a5c32610.jpg?v=1677015661,g,,,active
the-live-life-electric-tee-2,The Live Life Electric Tee 2,"Everyone needs the perfect t-shirt to complement an everyday, laid-back look. The ideal top for so many occasions, this lightweight cotton tee will keep you comfy and looking smart.<br>
<br>
• 100% combed and ring-spun cotton (Heather colors contain polyester)<br>
• Fabric weight: 4.2 oz/yd² (142 g/m²)<br>
• Pre-shrunk fabric<br>
• Side-seamed construction<br>
• Shoulder-to-shoulder taping<br>
• Blank product sourced from Guatemala, Nicaragua, Mexico, Honduras, or the US<br>
<br>
This product is made especially for you as soon as you place an order, which is why it takes us a bit longer to deliver it to you. Making products on demand instead of in bulk helps reduce overproduction, so thank you for making thoughtful purchasing decisions!<p><strong class=""size-guide-title"">Size guide</strong></p><div class=""table-responsive dynamic"" data-unit-system=""imperial""><table cellpadding=""5""><tbody>
<tr>
<td> </td>
<td><strong>LENGTH (inches)</strong></td>
<td><strong>WIDTH (inches)</strong></td>
<td><strong>CHEST (inches)</strong></td>
</tr>
<tr>
<td><strong>S</strong></td>
<td>28</td>
<td>18</td>
<td>34-37</td>
</tr>
<tr>
<td><strong>M</strong></td>
<td>29</td>
<td>20</td>
<td>38-41</td>
</tr>
<tr>
<td><strong>L</strong></td>
<td>30</td>
<td>22</td>
<td>42-45</td>
</tr>
<tr>
<td><strong>XL</strong></td>
<td>31</td>
<td>24</td>
<td>46-49</td>
</tr>
<tr>
<td><strong>2XL</strong></td>
<td>32</td>
<td>26</td>
<td>50-53</td>
</tr>
<tr>
<td><strong>3XL</strong></td>
<td>33</td>
<td>28</td>
<td>54-57</td>
</tr>
</tbody></table></div>",Amped Bikes,,"Apparel, Printful",TRUE,Size,S,,,,,2461697_8440,130,,1,deny,manual,29.99,,,,,https://cdn.shopify.com/s/files/1/0628/4728/7545/products/unisex-staple-t-shirt-army-front-63f53ac431c54.jpg?v=1677015763,,,,,,,,,,,,,,,,,,,https://cdn.shopify.com/s/files/1/0628/4728/7545/products/unisex-staple-t-shirt-army-front-63f53ac431c54.jpg?v=1677015763,g,,,active
the-live-life-electric-tee-2,,,,,,,Size,M,,,,,2461697_8441,142,,1,deny,manual,29.99,,,,,https://cdn.shopify.com/s/files/1/0628/4728/7545/products/unisex-staple-t-shirt-army-back-63f53ac433932.jpg?v=1677015765,,,,,,,,,,,,,,,,,,,https://cdn.shopify.com/s/files/1/0628/4728/7545/products/unisex-staple-t-shirt-army-front-63f53ac431c54.jpg?v=1677015763,g,,,active
the-live-life-electric-tee-2,,,,,,,Size,L,,,,,2461697_8442,164,,1,deny,manual,29.99,,,,,,,,,,,,,,,,,,,,,,,,https://cdn.shopify.com/s/files/1/0628/4728/7545/products/unisex-staple-t-shirt-army-front-63f53ac431c54.jpg?v=1677015763,g,,,active
the-live-life-electric-tee-2,,,,,,,Size,XL,,,,,2461697_8443,170,,1,deny,manual,29.99,,,,,,,,,,,,,,,,,,,,,,,,https://cdn.shopify.com/s/files/1/0628/4728/7545/products/unisex-staple-t-shirt-army-front-63f53ac431c54.jpg?v=1677015763,g,,,active
the-live-life-electric-tee-2,,,,,,,Size,2XL,,,,,2461697_8444,201,,1,deny,manual,29.99,,,,,,,,,,,,,,,,,,,,,,,,https://cdn.shopify.com/s/files/1/0628/4728/7545/products/unisex-staple-t-shirt-army-front-63f53ac431c54.jpg?v=1677015763,g,,,active
the-live-life-electric-tee-2,,,,,,,Size,3XL,,,,,2461697_8445,213,,1,deny,manual,29.99,,,,,,,,,,,,,,,,,,,,,,,,https://cdn.shopify.com/s/files/1/0628/4728/7545/products/unisex-staple-t-shirt-army-front-63f53ac431c54.jpg?v=1677015763,g,,,active
the-biker-gang-tee-1,The Biker Gang Tee 1,"Everyone needs the perfect t-shirt to complement an everyday, laid-back look. The ideal top for so many occasions, this lightweight cotton tee will keep you comfy and looking smart.<br>
<br>
• 100% combed and ring-spun cotton (Heather colors contain polyester)<br>
• Fabric weight: 4.2 oz/yd² (142 g/m²)<br>
• Pre-shrunk fabric<br>
• Side-seamed construction<br>
• Shoulder-to-shoulder taping<br>
• Blank product sourced from Guatemala, Nicaragua, Mexico, Honduras, or the US<br>
<br>
This product is made especially for you as soon as you place an order, which is why it takes us a bit longer to deliver it to you. Making products on demand instead of in bulk helps reduce overproduction, so thank you for making thoughtful purchasing decisions!<p><strong class=""size-guide-title"">Size guide</strong></p><div class=""table-responsive dynamic"" data-unit-system=""imperial""><table cellpadding=""5""><tbody>
<tr>
<td> </td>
<td><strong>LENGTH (inches)</strong></td>
<td><strong>WIDTH (inches)</strong></td>
<td><strong>CHEST (inches)</strong></td>
</tr>
<tr>
<td><strong>XS</strong></td>
<td>27</td>
<td>16 ½</td>
<td>31-34</td>
</tr>
<tr>
<td><strong>S</strong></td>
<td>28</td>
<td>18</td>
<td>34-37</td>
</tr>
<tr>
<td><strong>M</strong></td>
<td>29</td>
<td>20</td>
<td>38-41</td>
</tr>
<tr>
<td><strong>L</strong></td>
<td>30</td>
<td>22</td>
<td>42-45</td>
</tr>
<tr>
<td><strong>XL</strong></td>
<td>31</td>
<td>24</td>
<td>46-49</td>
</tr>
<tr>
<td><strong>2XL</strong></td>
<td>32</td>
<td>26</td>
<td>50-53</td>
</tr>
<tr>
<td><strong>3XL</strong></td>
<td>33</td>
<td>28</td>
<td>54-57</td>
</tr>
</tbody></table></div>",Amped Bikes,,"Apparel, Printful",TRUE,Size,XS,,,,,5230219_9526,102,,1,deny,manual,29.99,,,,,https://cdn.shopify.com/s/files/1/0628/4728/7545/products/unisex-staple-t-shirt-white-front-63f53b2989b94.jpg?v=1677015862,,,,,,,,,,,,,,,,,,,https://cdn.shopify.com/s/files/1/0628/4728/7545/products/unisex-staple-t-shirt-white-front-63f53b2989b94.jpg?v=1677015862,g,,,active
the-biker-gang-tee-1,,,,,,,Size,S,,,,,5230219_4011,130,,1,deny,manual,29.99,,,,,https://cdn.shopify.com/s/files/1/0628/4728/7545/products/unisex-staple-t-shirt-white-back-63f53b298e347.jpg?v=1677015864,,,,,,,,,,,,,,,,,,,https://cdn.shopify.com/s/files/1/0628/4728/7545/products/unisex-staple-t-shirt-white-front-63f53b2989b94.jpg?v=1677015862,g,,,active
the-biker-gang-tee-1,,,,,,,Size,M,,,,,5230219_4012,142,,1,deny,manual,29.99,,,,,,,,,,,,,,,,,,,,,,,,https://cdn.shopify.com/s/files/1/0628/4728/7545/products/unisex-staple-t-shirt-white-front-63f53b2989b94.jpg?v=1677015862,g,,,active
the-biker-gang-tee-1,,,,,,,Size,L,,,,,5230219_4013,164,,1,deny,manual,29.99,,,,,,,,,,,,,,,,,,,,,,,,https://cdn.shopify.com/s/files/1/0628/4728/7545/products/unisex-staple-t-shirt-white-front-63f53b2989b94.jpg?v=1677015862,g,,,active
the-biker-gang-tee-1,,,,,,,Size,XL,,,,,5230219_4014,170,,1,deny,manual,29.99,,,,,,,,,,,,,,,,,,,,,,,,https://cdn.shopify.com/s/files/1/0628/4728/7545/products/unisex-staple-t-shirt-white-front-63f53b2989b94.jpg?v=1677015862,g,,,active
the-biker-gang-tee-1,,,,,,,Size,2XL,,,,,5230219_4015,201,,1,deny,manual,29.99,,,,,,,,,,,,,,,,,,,,,,,,https://cdn.shopify.com/s/files/1/0628/4728/7545/products/unisex-staple-t-shirt-white-front-63f53b2989b94.jpg?v=1677015862,g,,,active
the-biker-gang-tee-1,,,,,,,Size,3XL,,,,,5230219_5294,213,,1,deny,manual,29.99,,,,,,,,,,,,,,,,,,,,,,,,https://cdn.shopify.com/s/files/1/0628/4728/7545/products/unisex-staple-t-shirt-white-front-63f53b2989b94.jpg?v=1677015862,g,,,active
the-biker-tee-2,The Biker Tee 2,"Everyone needs the perfect t-shirt to complement an everyday, laid-back look. The ideal top for so many occasions, this lightweight cotton tee will keep you comfy and looking smart.<br>
<br>
• 100% combed and ring-spun cotton (Heather colors contain polyester)<br>
• Fabric weight: 4.2 oz/yd² (142 g/m²)<br>
• Pre-shrunk fabric<br>
• Side-seamed construction<br>
• Shoulder-to-shoulder taping<br>
• Blank product sourced from Guatemala, Nicaragua, Mexico, Honduras, or the US<br>
<br>
This product is made especially for you as soon as you place an order, which is why it takes us a bit longer to deliver it to you. Making products on demand instead of in bulk helps reduce overproduction, so thank you for making thoughtful purchasing decisions!<p><strong class=""size-guide-title"">Size guide</strong></p><div class=""table-responsive dynamic"" data-unit-system=""imperial""><table cellpadding=""5""><tbody>
<tr>
<td> </td>
<td><strong>LENGTH (inches)</strong></td>
<td><strong>WIDTH (inches)</strong></td>
<td><strong>CHEST (inches)</strong></td>
</tr>
<tr>
<td><strong>XS</strong></td>
<td>27</td>
<td>16 ½</td>
<td>31-34</td>
</tr>
<tr>
<td><strong>S</strong></td>
<td>28</td>
<td>18</td>
<td>34-37</td>
</tr>
<tr>
<td><strong>M</strong></td>
<td>29</td>
<td>20</td>
<td>38-41</td>
</tr>
<tr>
<td><strong>L</strong></td>
<td>30</td>
<td>22</td>
<td>42-45</td>
</tr>
<tr>
<td><strong>XL</strong></td>
<td>31</td>
<td>24</td>
<td>46-49</td>
</tr>
<tr>
<td><strong>2XL</strong></td>
<td>32</td>
<td>26</td>
<td>50-53</td>
</tr>
<tr>
<td><strong>3XL</strong></td>
<td>33</td>
<td>28</td>
<td>54-57</td>
</tr>
</tbody></table></div>",Amped Bikes,,"Apparel, Printful",TRUE,Color,Black Heather,Size,XS,,,4769732_9575,102,,1,deny,manual,29.99,,,,,https://cdn.shopify.com/s/files/1/0628/4728/7545/products/unisex-staple-t-shirt-black-heather-front-63f53ba56132d.jpg?v=1697575728,,,,,,,,,,,,,,,,,,,,g,,,active
the-biker-tee-2,,,,,,,Color,Black Heather,Size,S,,,4769732_8923,130,,1,deny,manual,29.99,,,,,https://cdn.shopify.com/s/files/1/0628/4728/7545/products/unisex-staple-t-shirt-black-heather-back-63f53ba5618b3.jpg?v=1697575728,,,,,,,,,,,,,,,,,,,,g,,,active
the-biker-tee-2,,,,,,,Color,Black Heather,Size,M,,,4769732_8924,142,,1,deny,manual,29.99,,,,,https://cdn.shopify.com/s/files/1/0628/4728/7545/products/unisex-staple-t-shirt-yellow-back-63f53ba55fea5.jpg?v=1697575728,,,,,,,,,,,,,,,,,,,,g,,,active
the-biker-tee-2,,,,,,,Color,Black Heather,Size,L,,,4769732_8925,164,,1,deny,manual,29.99,,,,,https://cdn.shopify.com/s/files/1/0628/4728/7545/products/unisex-staple-t-shirt-yellow-front-63f53ba561e19.jpg?v=1677015995,,,,,,,,,,,,,,,,,,,,g,,,active
the-biker-tee-2,,,,,,,Color,Black Heather,Size,XL,,,4769732_8926,170,,1,deny,manual,29.99,,,,,https://cdn.shopify.com/s/files/1/0628/4728/7545/products/unisex-staple-t-shirt-white-front-63f53ba562a5e.jpg?v=1677015997,,,,,,,,,,,,,,,,,,,,g,,,active
the-biker-tee-2,,,,,,,Color,Black Heather,Size,2XL,,,4769732_8927,201,,1,deny,manual,29.99,,,,,https://cdn.shopify.com/s/files/1/0628/4728/7545/products/unisex-staple-t-shirt-white-back-63f53ba563a6d.jpg?v=1677015998,,,,,,,,,,,,,,,,,,,,g,,,active
the-biker-tee-2,,,,,,,Color,Black Heather,Size,3XL,,,4769732_8928,213,,1,deny,manual,29.99,,,,,,,,,,,,,,,,,,,,,,,,,g,,,active
the-biker-tee-2,,,,,,,Color,Yellow,Size,S,,,4769732_4181,130,,1,deny,manual,29.99,,,,,,,,,,,,,,,,,,,,,,,,https://cdn.shopify.com/s/files/1/0628/4728/7545/products/unisex-staple-t-shirt-yellow-back-63f53ba55fea5.jpg?v=1697575728,g,,,active
the-biker-tee-2,,,,,,,Color,Yellow,Size,M,,,4769732_4182,142,,1,deny,manual,29.99,,,,,,,,,,,,,,,,,,,,,,,,https://cdn.shopify.com/s/files/1/0628/4728/7545/products/unisex-staple-t-shirt-yellow-back-63f53ba55fea5.jpg?v=1697575728,g,,,active
Shopify Spy extracts only 100 products on a free plan.,,,,,,,,,,,,,,,,,,,,,,,,,,,,,,,,,,,,,,,,,,,,,,,
